determinantOfA,traceOfA,countOfA,eigenvalue,determinantOfA_inverse,traceOfA_inverse,countOfA_inverse,eigenvalue_inverse
0.629125310262547,1.7280995425322,12,1.2068,1.58950845513222,2.74682883416505,12,1.91814
0.318660756199164,1.17924076543039,14,0.75984,3.13813351831437,3.70061497215981,18,2.38459
0.777270167450885,1.92809961719491,12,1.3541,1.28655394465939,2.48060416819837,12,1.74206
-0.252627738005944,1.09905328687016,6,1.29424,-3.95839351566561,-4.35048540411782,0,0
-0.320775638567179,1.38125370901918,7,1.58379,-3.11744372006159,-4.30598070099362,0,0
0.582133552452957,1.58973394691414,19,1.01772,1.71781886782898,2.73087496883734,14,1.74827
-0.296883026591047,1.07096217439194,7,1.29944,-3.36832998330177,-3.60735400298644,0,0
-0.0999999642685692,0.687310736554977,6,0.81066,-10.0000035731444,-6.87310982141025,0,0
0.223549690395666,1.10038081328818,9,0.83157,4.47327839385542,4.92230971709508,7,3.71971
-0.277380794946258,0.729274703478726,9,1.00522,-3.60515226078918,-2.62914634598268,0,0
0.0568000668582833,1.23394426079346,5,1.18605,17.6056130795587,21.7243452172717,5,20.88121
-0.0974540608058747,0.833185614665643,6,0.93717,-10.2612450597822,-8.54952177236946,0,0
0.273844724896103,1.38906750771175,8,1.15119,3.65170444812987,5.07246399666365,8,4.20378
0.307126876223472,1.15346205595598,14,0.73635,3.25598336523431,3.75565326662165,19,2.39762
0.0155853680588804,1.18355589800722,3,1.17024,64.1627452250132,75.9401955433986,5,75.08567
0.396126141147371,1.45034378196234,10,1.08537,2.52444839187719,3.66131802804392,11,2.73997
-0.401438198636496,1.02952769536448,8,1.33111,-2.49104346172474,-2.56459823420222,0,0
-0.178528827759106,0.403576184530589,13,0.67003,-5.60133628026352,-2.26056592426151,0,0
0.0586875752379094,1.16426859205363,4,1.11146,17.0393817762307,19.8384170300763,6,18.9387
-0.0616325341961625,0.669884099333937,6,0.75185,-16.2251968549147,-10.8690013816704,0,0
-0.292938628696834,0.901383115354136,8,1.15502,-3.41368430803612,-3.07703739641313,0,0
0.474878178976847,1.67092275810831,9,1.30781,2.10580322337522,3.51863453003549,10,2.75399
-0.0225466085652064,0.434395965641964,5,0.48124,-44.3525684631428,-19.2665768062482,0,0
-0.658796620138007,0.660703761482703,15,1.20667,-1.51791914140439,-1.00289488635248,0,0
0.186176616716779,0.905946305271074,14,0.59088,5.37124380942666,4.86605848386021,21,3.17353
-0.161474572851471,0.690715443699455,8,0.87522,-6.19292550115508,-4.27754928532801,0,0
-0.0499565927453172,0.819727827976563,5,0.87671,-20.0173779884886,-16.4088017802896,0,0
-0.279302505164317,0.77303588113694,8,1.04126,-3.58034740652142,-2.76773701217665,0,0
0.0499205304242405,1.05479394620637,5,1.00513,20.0318384340407,21.1294619116102,5,20.13456
0.160439139605913,0.981020705035503,8,0.77365,6.23289306123371,6.11459714534239,10,4.82199
0.0781886964025941,0.881563234892087,6,0.78152,12.789572483099,11.2748168910876,5,9.99525
0.25339467473167,1.21708586975233,9,0.9505,3.94641284809533,4.80312331362587,11,3.75103
-0.10851024806713,1.17051799728018,5,1.25685,-9.21571941648631,-10.7871654348816,0,0
-0.0136499444465023,0.317915587011516,6,0.35623,-73.2603714190384,-23.2906139843653,0,0
-0.192748404858353,1.01424700586382,6,1.17788,-5.18811038013457,-5.26202541914247,0,0
0.219506099222102,1.36628065758895,6,1.1803,4.55568206780521,6.22434029136708,8,5.3771
0.0313249022618383,0.525126968587107,5,0.4565,31.9234834842009,16.763882108799,9,14.57334
-0.0909924506439553,0.233562218608159,14,0.44024,-10.9899227125215,-2.56683073106873,0,0
-0.0221058679559307,1.3919687483153,4,1.40767,-45.2368575616916,-62.9682919978653,0,0
-0.294786656736261,0.448922165115165,14,0.81199,-3.39228379965202,-1.52287138802488,0,0
0.220956806339428,1.18416421390925,7,0.95208,4.52577142368643,5.3592565602626,10,4.30893
-0.0321020151914228,1.05258906539819,4,1.08225,-31.15069237981,-32.7888781785708,0,0
0.18910480967799,0.928367166300537,10,0.62651,5.28807279784586,4.90927315852711,17,3.31318
0.138110890601281,0.990184069660663,3,0.8222,7.24055862391725,7.169485804847,13,5.95325
-0.181268665577825,1.1000391813874,6,1.24557,-5.51667325851563,-6.06855673527928,0,0
-0.117307899057626,0.735963907318889,6,0.87069,-8.52457513972492,-6.27377962806542,0,0
0.362038423993195,1.31239399409501,11,0.91799,2.76213775590515,3.62501300171298,13,2.53569
0.529835162177125,1.55594011375978,13,1.05253,1.8873794556989,2.93664940500801,14,1.98655
-0.0456061748585764,0.79314110441973,5,0.84699,-21.926855367743,-17.3910902828233,0,0
-0.0134423284361386,1.30334007226458,4,1.31357,-74.3918737554118,-96.9579101162756,0,0
0.0360372108051511,1.17714371899315,4,1.14569,27.7490953838487,32.6646733388392,5,31.79184
-0.62955692755527,0.900883446475305,12,1.36284,-1.58841870564947,-1.43098011799134,0,0
0.0655643224921404,0.923721416280718,6,0.84625,15.2521975670515,14.0887815380301,7,12.90709
-0.102884128864238,0.66568763808464,7,0.79509,-9.71967213057287,-6.47026558355815,0,0
0.0595696949945311,0.661620465076298,7,0.55412,16.7870592604479,11.1066619551609,8,9.30198
-0.339747967235148,0.495918606774549,14,0.8814,-2.94335830214953,-1.4596661484403,0,0
-0.329432473933592,1.01600019212049,7,1.27449,-3.03552345055571,-3.08409240895086,0,0
-0.175478236866127,0.520276443692912,10,0.75323,-5.69871237515855,-2.96490580817628,0,0
-0.0869253571027909,0.720260740237889,6,0.82556,-11.5041230008118,-8.28596814835246,0,0
0.0154541406780276,0.804534157879445,4,0.78484,64.7075771363839,52.0594560798398,5,50.78532
-0.207753312883724,0.11473607465219,42,0.51674,-4.81340098080498,-0.552270734264566,0,0
0.180519184286524,1.50737920050148,6,1.37621,5.53957743578531,8.35024380627012,7,7.62361
-0.312164029303399,0.784089298510489,10,1.07458,-3.20344404264489,-2.51178619221504,0,0
0.211994099355642,1.14519591897769,8,0.91298,4.71711242454157,5.40201789794397,9,4.30672
0.525646906789187,1.66711754402738,10,1.24488,1.90241773914034,3.17155398898977,10,2.36824
-0.778365205431662,0.833922739824764,13,1.39277,-1.28474396468612,-1.07137720700438,0,0
-0.0207227977538574,0.778440230032912,4,0.80421,-48.256032408262,-37.5644369683632,0,0
0.0122730266388995,0.790310486023929,4,0.77446,81.4794939685449,64.3940984792646,5,63.10288
-0.110455721070354,1.39789449719559,5,1.47289,-9.05340158309278,-12.6557002539072,0,0
-0.0572618142483302,1.08873233101672,4,1.139,-17.4636450683041,-19.0132350032634,0,0
-0.357396547585768,0.510463087450697,14,0.90527,-2.79801247873,-1.4282820886181,0,0
0.400862435392442,1.76416454371358,7,1.49625,2.49462137558737,4.40092258080123,8,3.73258
0.0877673733182966,1.0454214350984,5,0.95336,11.3937555858418,11.9112763157111,7,10.86235
0.134821911428153,1.05443907875836,5,0.90555,7.4171919787156,7.82097707701076,10,6.71668
0.104361716667779,1.4497690241831,5,1.3738,9.5820577883302,13.8917705694535,6,13.16386
-0.0246773459434,0.131064332180282,13,0.23573,-40.5229963665299,-5.31111945672322,0,0
0.347333781082872,1.33919693454357,11,0.98743,2.87907498338437,3.85564839206942,10,2.84291
0.275801485782925,1.24103453487738,9,0.95102,3.62579627575709,4.49973839464434,11,3.44824
-0.0778741111598584,1.42677226349078,4,1.47941,-12.8412380585278,-18.3215222907897,0,0
-0.0113067774630969,0.565562511390623,4,0.58489,-88.4425295592666,-50.0197791312783,0,0
-0.185723531872837,0.976753004721446,7,1.13971,-5.38434731407481,-5.25917741748642,0,0
-0.185154914175759,0.477270647100681,11,0.73067,-5.40088284694806,-2.57768285127787,0,0
0.100176117104657,1.08851106122243,6,0.98702,9.9824192522382,10.865973773821,7,9.85282
-0.162859382180648,0.121703470564683,35,0.46895,-6.14026644710448,-0.747291736804489,0,0
0.0294145212426419,0.711903153446295,5,0.66786,33.9968137421292,24.2024389101481,6,22.70512
0.653687913648818,1.68948856029472,15,1.08956,1.52978199400705,2.58454917861977,18,1.66665
0.0220495069927043,1.21185641067549,4,1.19338,45.3524879413801,54.9607032518444,5,54.12275
-0.00346615903958125,1.11884286021759,3,1.12193,-288.503784327455,-322.790399240525,0,0
0.067766283043929,1.33286676498701,5,1.27992,14.7566009980473,19.6685830344715,6,18.88728
-0.0974144614578943,0.34925352075677,11,0.53228,-10.2654162948099,-3.58523278299627,0,0
-0.473087633244562,0.701776125064922,13,1.12303,-2.11377328369742,-1.48339562429893,0,0
0.0169671007350337,1.1720712181507,4,1.15741,58.9375884316642,69.0790510679653,4,68.21505
-0.492759928620193,0.532677162505395,16,1.01715,-2.02938579604101,-1.08100746746388,0,0
-0.183399775419879,0.311535308533465,16,0.61146,-5.45256938134511,-1.69866788451748,0,0
0.256678728775429,1.17249386744273,10,0.88121,3.89592080641365,4.56794325356255,11,3.43314
-0.112428929117246,0.517087032282342,8,0.68194,-8.89450791581549,-4.59923470180083,0,0
-0.434104720000075,1.16825327080382,8,1.46464,-2.30359163106964,-2.6911784575934,0,0
0.416106827471154,1.46372305776036,11,1.07755,2.40322901231253,3.5176617184005,10,2.58962
-0.136555405529684,0.840273152110874,6,0.97966,-7.32303489650305,-6.15334961550254,0,0
0.025522657575903,0.604025506966503,5,0.55831,39.180872800023,23.666246556424,7,21.87513
0.14274863904843,0.893809945458419,9,0.68559,7.00532072786161,6.26142533768871,10,4.80283
-0.423513352885227,0.729553149368037,10,1.1108,-2.36120064028064,-1.72262136340657,0,0
-0.124634227291311,0.723251806875118,7,0.867,-8.02347815470199,-5.80299507281125,0,0
-0.194200782443054,1.37626852727225,6,1.50528,-5.14930984015592,-7.08683307017988,0,0
0.290278171565166,1.14229256531187,13,0.76075,3.4449714031477,3.93516522152764,15,2.62056
0.169069208924471,1.04527373260316,6,0.84524,5.91473755843225,6.18251980507061,11,4.99944
-0.0426672342248156,0.680799459351959,5,0.73857,-23.4371882351444,-15.9560250792164,0,0
-0.0218521217737437,1.40104699023606,4,1.41647,-45.7621465939999,-64.1149177522651,0,0
0.200645675426851,1.31383140193593,7,1.13743,4.98391005872722,6.54801753958014,7,5.66883
-0.447346763214228,0.357057340144487,21,0.8708,-2.23540233713754,-0.798166812651101,0,0
0.0655215450452744,1.09918231312421,5,1.03593,15.2621553614008,16.7758912334056,5,15.81058
-0.524796776072411,0.35117772561952,23,0.92101,-1.90549951065633,-0.669168984321398,0,0
-0.353585895030805,0.603321544710902,11,0.96844,-2.82816711315048,-1.70629415140652,0,0
0.160570301617768,1.23260888785094,6,1.08456,6.22780171628787,7.67644374726976,7,6.75441
-0.358360007156065,0.358234540455897,19,0.80395,-2.79048995432267,-0.999649886433579,0,0
-0.314882567231322,0.328595616121763,20,0.74901,-3.17578711578965,-1.04354972398446,0,0
0.135431565662897,1.07955144702605,7,0.93465,7.38380299382419,7.97119520653819,7,6.90127
-0.0609422775871152,1.00834961493961,5,1.06554,-16.4089699235564,-16.5459785039737,0,0
0.0825138464500775,0.764871357454498,7,0.63492,12.1191780897648,9.26961219675124,7,7.69457
0.207688055587442,1.32780602472599,7,1.14669,4.81491339100613,6.39327100911179,8,5.52119
0.180401590763612,1.59279174328209,6,1.47008,5.54318837082952,8.82914466851454,6,8.14891
-0.142607980110966,0.328331170223328,13,0.57593,-7.01223030591892,-2.30233378221785,0,0
0.195512019097832,1.26924869259129,7,1.08986,5.11477506403129,6.49192156292022,8,5.57437
0.0887132472985701,1.18644410477346,5,1.10625,11.2722736507935,13.3739226203771,6,12.46997
0.302896462826257,1.45538988950418,8,1.20377,3.30145816385319,4.80490883229298,9,3.97418
-0.316243970224825,0.847028191002857,9,1.12751,-3.16211562639147,-2.67840107876424,0,0
0.0932919768305765,0.963625950453583,6,0.85443,10.7190353766011,10.3291406527228,7,9.15878
-0.0378841985237764,1.12677470524202,4,1.15945,-26.3962295354458,-29.7426037543026,0,0
0.163718493110335,1.53759055812049,5,1.4225,6.10804546879178,9.39167304138488,6,8.68868
0.00230014452802983,0.28226800337474,4,0.27387,434.755289423723,122.717507502241,6,119.06613
0.144876639941928,1.16808463670644,6,1.02703,6.90242402364409,8.06261545805211,7,7.08892
-0.10936419831821,1.60063723361718,5,1.66627,-9.1437601644586,-14.635842974498,0,0
-0.0786773276343297,0.28584837620264,11,0.45774,-12.7101419184917,-3.63317342870597,0,0
-0.201956443526221,1.01025773741144,7,1.18123,-4.95156273570526,-5.00235456602439,0,0
-0.29308571430544,0.913508828605653,8,1.16508,-3.41197114424297,-3.11686576321368,0,0
0.00323904811277803,0.609857989005333,3,0.6045,308.732678608572,188.283090516453,5,186.62883
-0.163620150169375,0.486856405280182,10,0.71554,-6.11171667404551,-2.97552841001674,0,0
0.00696412912598099,1.08250356039887,3,1.07603,143.592972202269,155.439903657212,5,154.51056
-0.298024331141633,0.702993490521297,9,1.00079,-3.35543073335431,-2.35884596344318,0,0
-0.0494815054493446,0.527911678309527,6,0.60915,-20.2095710492019,-10.6688685704998,0,0
-0.0602283852963572,1.21290418042247,4,1.26068,-16.6034668716327,-20.1384143781094,0,0
0.259929125799732,1.52419148639538,7,1.32854,3.84720256694308,5.86387339897309,7,5.11116
0.187520156633374,1.3266994566849,7,1.16585,5.33276005072418,7.07496986192671,7,6.21723
-0.0214207636920024,1.16106602966418,4,1.17923,-46.6836763795383,-54.2028307841179,0,0
0.616898123471084,1.75872640606112,12,1.2748,1.62101319805177,2.85091871598724,11,2.06647
-0.440372043715487,0.669175805161749,12,1.07776,-2.2708071828603,-1.51956922495763,0,0
-0.139685901692987,1.02544663864361,6,1.14721,-7.15891860151986,-7.34108901625173,0,0
-0.0990546624182565,0.879913708715112,5,0.9809,-10.0954359500769,-8.88311248792806,0,0
-0.0371811350392862,0.606882763282864,6,0.66296,-26.8953596748293,-16.3223301989469,0,0
-0.0626377619648674,0.244684552923768,12,0.40093,-15.9648105013855,-3.90634252004419,0,0
0.0715625102997487,1.54737987484424,4,1.49966,13.9737971154362,21.6227724315824,5,20.95595
-0.140416731449795,1.57170258125543,5,1.65647,-7.1216584353948,-11.1931289457295,0,0
-0.52962153665999,0.990472581065776,10,1.37551,-1.88814073971842,-1.87015163188435,0,0
-0.264036740418351,0.755523005044484,9,1.01553,-3.78735170876431,-2.86143134416597,0,0
-0.0967065602971238,1.34327247625043,5,1.41177,-10.3405601122362,-13.8901897877799,0,0
0.347658635832751,1.40505650931487,9,1.08449,2.87638475484634,4.0414831230909,10,3.11937
-0.35280297538943,0.813234668919844,10,1.12644,-2.83444321549778,-2.30506748992743,0,0
-0.237495059411746,1.47219860420072,6,1.6189,-4.21061390698783,-6.19885991669562,0,0
0.102343879644767,1.04917263341275,4,0.94033,9.77097998894487,10.2514448060245,9,9.18799
-0.228504645139966,1.0721158027206,6,1.25429,-4.37627865021067,-4.69187749799965,0,0
0.319350289605918,1.16700476065592,17,0.7289,3.13135773646553,3.65430938577201,19,2.28224
0.0455183099540743,0.554921858335127,6,0.45483,21.9691812154043,12.1911788661533,10,9.99264
-0.00683624829166951,0.312155922018559,5,0.3327,-146.279063798572,-45.6618760320547,0,0
-0.156068792859727,0.581249088956484,9,0.78106,-6.40743086222746,-3.72431335122137,0,0
0.0420479953303869,1.14034620474037,4,1.1022,23.7823466289564,27.1201087181504,6,26.21283
-0.309966052922317,0.997859683459803,8,1.24653,-3.22615973772656,-3.21925473467859,0,0
0.0552962482586668,0.910606157455456,5,0.84518,18.0844095484049,16.4677746887237,6,15.28459
-0.161024943892418,0.499100158740612,9,0.72211,-6.21021796888876,-3.09952077408618,0,0
0.0419969544066438,0.72666807051703,6,0.66336,23.8112504615764,17.3028754295114,6,15.79539
0.369545318502755,1.30237144651947,14,0.88461,2.70602805645486,3.52425367420738,13,2.3938
0.634887214015989,1.6722467727588,17,1.0895,1.57508290909575,2.63392731156292,15,1.71607
-0.169379244274444,1.49777573082855,5,1.60341,-5.90391109774766,-8.84273475917577,0,0
-0.0478975300674781,0.208492009250817,12,0.34667,-20.8779032779185,-4.35287600335744,0,0
0.223628211118182,1.27207798790572,6,1.06137,4.47170772864398,5.68836096995591,9,4.74618
0.377015048524585,1.30927479944819,13,0.88169,2.65241401878628,3.47273883249997,11,2.33846
-0.0477801900331789,1.0050591930438,5,1.05054,-20.9291758635868,-21.0350606045283,0,0
-0.0994443070914431,0.385068479644434,11,0.56202,-10.0558798110028,-3.87220235030999,0,0
0.368379714140371,1.43846823687223,8,1.10511,2.71459030346864,3.90485192766098,11,2.99997
0.0053301954520914,1.12143995821587,3,1.11667,187.610381080425,210.393777919692,4,209.49826
-0.57848579228017,0.565061481820629,16,1.09388,-1.72865092513056,-0.976794053304875,0,0
0.0725637005225869,0.700002627548046,7,0.57348,13.7809950815385,9.64673276730361,8,7.90295
0.267289435242488,1.24100253368139,9,0.96363,3.74126272178618,4.64291651690438,8,3.60515
-0.357056558334174,0.779402752115625,9,1.1031,-2.80067674618677,-2.1828551637642,0,0
-0.27635509578828,0.929740171217244,8,1.16662,-3.61853287759208,-3.36429537716769,0,0
0.0867396200464831,0.809812883696698,6,0.68277,11.5287569793839,9.33613593491331,9,7.87151
0.0307806991264889,0.948696067649528,3,0.91506,32.4878910609093,30.8211344957109,7,29.72831
0.0749506882570125,0.638380248432056,7,0.48328,13.3421056331186,8.51733670867697,13,6.44821
-0.130684107270141,0.195039910379848,20,0.47193,-7.65203987607208,-1.49245317165212,0,0
-0.0369875706546495,1.05743494897472,4,1.09133,-27.0361092199576,-28.5889267734809,0,0
0.203663447026569,1.05966985857788,9,0.80745,4.9100612535029,5.20304391410814,8,3.96453
0.483224328087776,1.40831053576254,23,0.81659,2.06943223234894,2.91440321586359,22,1.68951
0.689204832527194,1.73094360207917,16,1.11013,1.45094745829505,2.51150821988885,17,1.61063
-0.21590124977468,0.348434337145568,14,0.67044,-4.63174715775673,-1.61385975073884,0,0
-0.377577730611748,0.574549805048783,13,0.96557,-2.64846128075353,-1.52167291253619,0,0
-0.342492123254117,1.0176864238374,8,1.28435,-2.9197751775974,-2.97141555889831,0,0
-0.178077657168442,0.754122653440483,7,0.94297,-5.61552760689181,-4.23479657937754,0,0
0.37310255024105,1.52142958099339,8,1.21411,2.68022826258874,4.07777856251704,9,3.25413
-0.019421326497274,0.590042650558459,5,0.6213,-51.4897888226307,-30.3811714736003,0,0
-0.540999560823752,0.941807565296809,10,1.34426,-1.84843033601978,-1.74086567438755,0,0
-0.00194454362374644,1.01589343866968,3,1.0178,-514.259483710302,-522.432835274951,0,0
-0.0200092001799516,0.794069053050707,4,0.81851,-49.9770101256701,-39.6851971047964,0,0
-0.133858921414714,0.771304874747607,7,0.91724,-7.47055175278049,-5.76207298397387,0,0
-0.255660064276624,0.983958377851423,7,1.19746,-3.91144390434793,-3.84869799917902,0,0
-0.778062544449528,0.821192071559549,13,1.38356,-1.28524372125828,-1.05543195391899,0,0
-0.0338039834122442,0.964378251703088,5,0.99824,-29.5823124690622,-28.5285387802486,0,0
-0.00733529619262825,0.876030491037438,3,0.88433,-136.327146680862,-119.426737248568,0,0
0.346078981630839,1.32371244905633,10,0.96512,2.88951381932433,3.82488541435993,12,2.78873
-0.276242104047993,0.380798777139367,16,0.74942,-3.62001297175997,-1.37849651287484,0,0
0.15602461974326,1.01930498629358,6,0.8317,6.40924491048598,6.53297529563512,11,5.33063
0.0185741171358743,0.635718504143685,4,0.60502,53.8383597284732,34.2260415121346,7,32.5732
-0.160948763682665,0.715817400906913,8,0.89554,-6.21315738697847,-4.44748617217252,0,0
0.430658226388862,1.72252194250536,8,1.41903,2.32202693162316,3.99974234080927,9,3.29503
0.332039812260696,1.36640217453243,9,1.05026,3.01168704195889,4.11517572314377,9,3.16301
-0.1209589353514,0.67506458185561,8,0.82218,-8.26726853286928,-5.58094017522945,0,0
-0.0794537239270278,0.806192898129197,5,0.89497,-12.5859424904794,-10.146697452087,0,0
0.216562610251104,1.28315208339887,7,1.08322,4.61760226680175,5.925085968954,8,5.00191
-0.202664071996271,0.755836285864372,8,0.9657,-4.93427369809486,-3.72950310540628,0,0
-0.0110396563812006,0.133152474678515,8,0.19096,-90.5825295163082,-12.061287967736,0,0
-0.249168977145326,0.954318678746605,8,1.1677,-4.01334071141913,-3.83000600508146,0,0
-0.0653037524922753,0.24312124258662,12,0.40456,-15.3130557102104,-3.72292913206448,0,0
-0.00454728453441511,0.294843014967953,4,0.30954,-219.911464178615,-64.8393591244399,0,0
0.0108573685745571,0.568521621165171,4,0.54874,92.103348351218,52.3627449193749,6,50.54037
-0.226122873857528,1.07735607304363,6,1.25721,-4.42237436195891,-4.76447187612888,0,0
0.0791658780128402,0.918746060229251,7,0.82249,12.6317047836924,11.6053290039964,6,10.38951
0.295129088217191,1.18028622603477,12,0.82069,3.38834781092157,3.9992202502458,13,2.78067
0.34807577488979,1.38473405358564,7,1.05469,2.8729376536377,3.97825460282055,12,3.03011
-0.202547611529596,1.05682997097089,7,1.22251,-4.9371107980401,-5.21768666137278,0,0
0.0575579263133208,0.783529189666957,6,0.70148,17.3738017342117,13.6128807942412,7,12.18731
-0.603878120455777,0.511910716735253,18,1.07413,-1.65596329147552,-0.847705355426503,0,0
0.41457207132835,1.51795909503272,10,1.16081,2.4121258260255,3.66150833597872,10,2.80004
0.170086063748221,1.0500827334419,7,0.84996,5.87937646367254,6.17383170790725,9,4.99731
0.113058459414721,1.1651910189224,6,1.05837,8.8449816597253,10.3060931924453,6,9.36124
-0.0432466388779893,0.448768799676065,6,0.53032,-23.1231842738409,-10.37696365126,0,0
0.0701286324670603,1.24712118920141,5,1.1881,14.2595109133164,17.7833382076456,5,16.94165
0.604691118629143,1.69962881707136,12,1.19261,1.65373687357446,2.81073884618064,13,1.9722
-0.470383058211897,0.865247799863862,10,1.24351,-2.12592690689451,-1.83945357886186,0,0
-0.0311403759545996,0.780079168158424,4,0.81814,-32.1126501959362,-25.0504094522083,0,0
0.519863744443364,1.48956169033895,15,0.93135,1.92358095883516,2.86529250454631,20,1.7916
-0.225617043677594,1.04797975197364,6,1.23122,-4.43228926192738,-4.6449494013901,0,0
-0.33279597696758,0.990020087934701,7,1.25517,-3.00484401618057,-2.97485593712915,0,0
0.334894299621453,1.3342490160564,10,0.99904,2.98601678538675,3.98408995783017,12,2.98311
-0.0827167792921583,0.740927015376296,6,0.83946,-12.0894455581735,-8.95739681497169,0,0
0.161698496873637,1.1044133728752,7,0.93067,6.18434938688067,6.83007816540356,5,5.75557
0.449627319855959,1.57479714490045,9,1.20018,2.22406414343407,3.50244986315544,10,2.66922
-0.0493592120733225,1.05227162210119,4,1.09725,-20.259642688674,-21.3186470752016,0,0
0.562313030504754,1.51927590464402,24,0.88114,1.77836889019335,2.7018330044393,25,1.56668
-0.177943809298707,1.09025047898142,6,1.2344,-5.619751560569,-6.12693683066693,0,0
0.0592256483971949,1.20530185510483,5,1.15398,16.8845766498584,20.3510115587339,5,19.48444
0.0706477356278185,1.42473490380034,5,1.37329,14.154735337423,20.1667454892826,5,19.43857
0.797541431977605,1.81764431237745,22,1.07748,1.25385335470331,2.27905941873186,24,1.35081
-0.212515067882185,0.855360233252138,7,1.05651,-4.70554869339609,-4.02493922796258,0,0
-0.141509697527574,0.794638232259119,6,0.94446,-7.06665350482531,-5.61543304906209,0,0
-0.0592845368229889,0.750910253179656,6,0.82295,-16.8678048879051,-12.6662076389618,0,0
-0.406411726813476,0.941388559339577,9,1.26313,-2.46055892097561,-2.31634201778737,0,0
-0.0904982707868122,1.1014359528649,5,1.17824,-11.0499348916369,-12.1707955664652,0,0
0.110552175296549,0.863886952943756,7,0.70768,9.04550269877159,7.81429176428631,8,6.40119
0.0301733401005342,0.528054533334898,6,0.46286,33.1418396726418,17.5006986821969,7,15.34024
-0.226516392488218,0.68226663913321,8,0.92669,-4.41469153298481,-3.01199675501938,0,0
0.143301465503137,1.72368280213379,5,1.63609,6.97829569634168,12.0283682799884,6,11.41716
-0.152068857564752,0.913358023390545,7,1.0572,-6.57596838704595,-6.006213487871,0,0
-0.0496535661878402,0.502782581848483,6,0.58732,-20.1395403548052,-10.1258100968307,0,0
0.401339645755313,1.34011377428031,14,0.88835,2.49165516184682,3.33910140314755,17,2.21333
-0.787555171475943,0.154023478298642,65,0.96781,-1.26975231224235,-0.195571667709311,0,0
0.723810266135881,1.72313484196775,20,0.99741,1.38157753044673,2.38064437959252,29,1.37804
-0.461605682439022,1.16007519396322,8,1.47338,-2.16635114783731,-2.51313022801982,0,0
-0.033904954100596,0.179688856385513,11,0.29474,-29.4942148286943,-5.29978173255671,0,0
-0.541341824150551,0.461397389517536,20,1.00177,-1.8472616660816,-0.852321710485864,0,0
-0.652930334840715,1.08727376849305,10,1.51754,-1.53155696195974,-1.66522170969174,0,0
0.396441927159968,1.65068412271277,8,1.35896,2.52243754126563,4.16374759990181,9,3.42789
-0.0721157678268932,0.772012117209077,6,0.85623,-13.8665929814462,-10.7051778060828,0,0
-0.212113599718126,0.995126687669493,7,1.17556,-4.71445490213206,-4.69147989092589,0,0
-0.253109018836659,0.634385241934667,9,0.91195,-3.95086672373906,-2.50637154239083,0,0
0.345717322077766,1.6908289500429,7,1.45288,2.89253657869958,4.89078458632327,7,4.20249
-0.25987556936348,0.759876050321175,9,1.01572,-3.8479954173812,-2.92399955941361,0,0
0.119279683964854,0.943836500022132,7,0.79352,8.38365735689448,7.91280181711609,7,6.65259
0.653327492672844,1.62608541098963,31,0.90107,1.53062592836691,2.4889284917999,30,1.37868
0.315924379337917,1.30051813484649,10,0.97724,3.16531444042305,4.11654883226167,13,3.09324
0.0258928598853943,0.973394356256733,4,0.94602,38.6206855645205,37.5931573632701,6,36.5361
-0.138684912168259,0.909476097645029,6,1.0425,-7.21058970558208,-6.5578589871522,0,0
-0.470753188918841,1.11160202761659,9,1.43879,-2.12425539229306,-2.36132660124843,0,0
0.0347821942067991,0.59765270700781,6,0.53231,28.7503426050253,17.1827200852954,6,15.30411
-0.080238791689373,0.237410902231532,14,0.42584,-12.4627998371571,-2.95880455367045,0,0
-0.141226086978287,0.736277635119097,7,0.89421,-7.08084477447675,-5.21346764519716,0,0
0.200011007676453,1.24532000151293,7,1.0559,4.99972482323396,6.22625732443396,7,5.27919
-0.00533530624276059,0.683540553875975,3,0.69126,-187.430665551183,-128.116460944198,0,0
-0.0238254169520775,1.31288549419854,4,1.33079,-41.9719831980865,-55.1044079035124,0,0
0.0663782949934475,0.875656584343303,6,0.79183,15.065165504759,13.1919113684638,7,11.92901
-0.0812807327593518,1.54569360862006,4,1.5966,-12.3030386913551,-19.016728271833,0,0
0.134009195672783,1.07387325174705,7,0.92974,7.46217447974054,8.01342957366284,7,6.93785
0.152913507386051,1.39629964178645,6,1.27651,6.53964464679608,9.13130347773204,6,8.34791
0.639706233395375,1.81434964291202,11,1.33525,1.56321753297961,2.83622317275538,11,2.0873
-0.00658728154048688,0.909945104020505,3,0.91713,-151.807690904629,-138.136665091325,0,0
0.32179787882934,1.45125277663455,8,1.1781,3.10754068248639,4.50982704396321,9,3.661
0.444326449819179,1.71180611235331,8,1.39278,2.25059750642114,3.85258656793882,9,3.13459
0.620895165671457,1.61682829066676,14,0.98901,1.61057784838535,2.60402782959063,25,1.59292
0.0119862730575899,0.906074476141799,4,0.89265,83.4287684917028,75.5926777062751,5,74.47241
0.174588414312977,0.939393461429695,10,0.68426,5.72775693012106,5.38061740881435,13,3.91911
0.214171895695563,1.30752287236203,8,1.11553,4.66914669990809,6.10501610454353,7,5.20858
0.134832224862012,1.11823047686827,6,0.98076,7.41662463126603,8.29349569817357,7,7.27387
-0.103558609470228,0.945361260403466,6,1.04451,-9.65636758851507,-9.12875583439778,0,0
-0.251492029741059,0.856922598715111,8,1.08806,-3.97626915266308,-3.40735489549078,0,0
0.396534644734846,1.42240189071238,11,1.04177,2.52184774591052,3.58708100187189,9,2.62715
-0.263489882639255,0.864319259527491,8,1.10317,-3.79521213483974,-3.28027494213444,0,0
-0.496187021168951,0.380279526608802,20,0.91974,-2.01536911957941,-0.766403614735658,0,0
-0.615541883229205,0.315111324447252,29,0.95777,-1.62458482070121,-0.511925074528058,0,0
0.071283601823145,0.661337313237195,7,0.52574,14.0284718283597,9.27755186779108,10,7.3755
-0.0126287222525955,0.453323693050355,4,0.47965,-79.184574654374,-35.8962438149424,0,0
0.265111992801412,1.28317302678422,7,1.02436,3.77199080823579,4.84011686240616,10,3.86389
-0.214306215917453,0.842083619362956,8,1.04681,-4.66622022939914,-3.92934761951707,0,0
-0.583375353736675,0.599697688164404,15,1.1204,-1.7141622346483,-1.02797912925731,0,0
0.209657165278281,1.02382718223354,10,0.74085,4.76969150409282,4.88333981275861,9,3.53347
-0.460242464784642,0.792437608885947,10,1.18185,-2.1727677833203,-1.72178290687876,0,0
0.272798412341427,1.46640780303045,7,1.24779,3.66571048349221,5.37542645664352,8,4.574
-0.173767434897952,1.41803679797856,5,1.5315,-5.75481821773607,-8.16054399842713,0,0
0.201623366061528,1.21964318324849,7,1.02245,4.9597426108581,6.04911626600014,8,5.07107
-0.129151169212822,0.642612409538633,7,0.80338,-7.74286447497927,-4.97566079699751,0,0
0.085428546287877,1.25586875464167,5,1.1837,11.7056890635854,14.7008091465076,6,13.856
0.371382555772008,1.22835292012605,27,0.69071,2.69264127907478,3.30751377800346,38,1.85917
-0.835249540130349,0.587439406963748,19,1.25369,-1.19724699261007,-0.703310063327988,0,0
0.172488187703185,1.68483702267535,5,1.57535,5.79749844505748,9.76784001913564,6,9.13306
0.144305481838908,1.5204898390538,5,1.41878,6.92974367471588,10.5366048446529,6,9.83177
-0.275116855006005,0.547060423755558,12,0.86509,-3.63481910251618,-1.9884656784973,0,0
-0.461258692460937,1.22139814073397,8,1.52406,-2.16798082365611,-2.64796774716046,0,0
-0.169823410246074,1.30603584840664,6,1.42519,-5.88846966711478,-7.69055247750705,0,0
-0.08703702154215,0.740515825582025,6,0.84368,-11.4893637475373,-8.50805568091976,0,0
-0.29289588081226,1.21767694732763,7,1.42344,-3.41418253212301,-4.15737136333486,0,0
0.15527689231674,1.45633426482428,6,1.3405,6.44010828063302,9.37895035826447,6,8.63296
0.113220467659055,1.44271652926994,5,1.35943,8.83232529131869,12.7425416896745,6,12.00694
-0.467117231102164,1.1603988789311,9,1.47672,-2.14079022013489,-2.48417057147118,0,0
0.41313895494434,1.45799840815801,11,1.07296,2.42049312472779,3.52907512281053,10,2.59704
0.158430307712758,1.21297912002534,7,1.06409,6.31192361131464,7.65623154771961,7,6.71646
0.394382028310562,1.54676621181835,8,1.22475,2.53561249807391,3.92199973828504,10,3.10551
-0.0241116570734535,0.839484734538668,4,0.86729,-41.4737152636839,-34.816550848466,0,0
-0.63025163623465,0.673410894442934,15,1.19903,-1.58666783631751,-1.06847940683841,0,0
-0.276187497961308,1.10753263263992,7,1.31721,-3.62072869837177,-4.01007518738259,0,0
0.261431179214984,1.28853274408954,8,1.03626,3.82509845613199,4.92876461009243,9,3.96374
0.583358587750614,1.55918151240428,20,0.9359,1.71421150043565,2.67276687983006,26,1.6041
0.306004028512792,1.25319051375509,10,0.92093,3.26793083365632,4.09533992034588,10,3.00943
0.0376600047723846,0.700547578640097,5,0.64187,26.5533689133593,18.6018982969911,7,17.04396
-0.00482054541899513,0.944684672614295,3,0.94976,-207.445405671224,-195.970495141859,0,0
-0.252981040671826,1.23771573353907,7,1.41633,-3.95286539000853,-4.8925236857756,0,0
-0.0875606855366371,0.460546517302166,8,0.60523,-11.4206506478479,-5.25974088119107,0,0
-0.0277195081212932,0.385973829519307,6,0.44787,-36.0756762213913,-13.924266903669,0,0
-0.0497807638253508,0.158195847572571,15,0.31581,-20.0880806792834,-3.17785094916543,0,0
-0.476888878853561,1.20197963448714,8,1.51645,-2.09692455484388,-2.52046060997835,0,0
0.0443128042745952,1.32753228056522,4,1.29327,22.5668408120428,29.9582096483634,5,29.18497
0.346792977077247,1.31774101392611,11,0.95438,2.88356473775204,3.79979152124696,10,2.75196
-0.335063161314769,0.459168275283902,16,0.85229,-2.98451192329248,-1.37039319238245,0,0
-0.154294508306706,1.54458650919248,5,1.63874,-6.48111206921381,-10.0106382666722,0,0
-0.118967796581861,0.784146508395231,7,0.91427,-8.40563605220601,-6.59125016117842,0,0
-0.23416272465406,1.03572925133977,7,1.22663,-4.27053452455914,-4.4231175259423,0,0
0.000989232249005267,1.16812784616043,3,1.16728,1010.88495750673,1180.84286812834,4,1179.98618
-0.285701118931803,0.966950244421087,8,1.2042,-3.50016130051875,-3.38448182504984,0,0
0.203457542937429,1.07904646608708,9,0.83555,4.91503035750088,5.30354613797206,10,4.10671
0.151537988932552,1.42619035527039,6,1.31056,6.5990053520183,9.41143778742617,6,8.6484
0.103720673744173,1.13558568433631,6,1.03541,9.64127944701262,10.9484989187134,6,9.9827
0.395536589719459,1.6794845928544,8,1.39618,2.52821110863414,4.24609160443437,8,3.52985
0.2286531698535,1.17416325538823,8,0.9277,4.37343598009469,5.13512782761997,11,4.05717
0.112007389659751,0.819592314425557,8,0.64629,8.927982368286,7.31730573237409,12,5.76999
0.0516118589842771,0.912258114089334,4,0.85166,19.3753920064115,17.6753585715105,8,16.50118
0.273392298697817,1.24065831548564,9,0.95413,3.65774751067627,4.53801486506742,10,3.48991
-0.395581894544856,0.17816530831121,39,0.72429,-2.52792156008699,-0.450387924139455,0,0
0.0215268786603992,0.491518564240309,5,0.44292,46.453553056886,22.8327837023816,5,20.57501
0.397806898042744,1.69608969821643,8,1.41495,2.51378245304472,4.26360052216637,8,3.55685
-0.0475752901295486,0.614694676258388,6,0.68423,-21.0193148013807,-12.9204609070078,0,0
0.107193438256933,0.909838020705064,7,0.77077,9.32892923541728,8.48781451084966,5,7.19039
-0.476162383301142,1.3538423282571,7,1.64356,-2.10012389695127,-2.84323662627689,0,0
0.107780950487048,0.857030750119393,8,0.7039,9.27807739198006,7.95159762691445,8,6.53096
0.339508846356426,1.27986611061695,10,0.90449,2.94543135099982,3.76975776729338,14,2.66418
-0.478832941065713,0.611682698286287,14,1.0624,-2.08841103908673,-1.27744489951944,0,0
0.494489459599611,1.78161635103095,8,1.43767,2.02228779721554,3.60294100600957,9,2.90736
-0.181105527560301,0.899813407791714,7,1.0692,-5.52164262168663,-4.96844806402782,0,0
-0.404523423721238,0.646067366408771,13,1.03639,-2.4720447355086,-1.59710743191471,0,0
-0.0880333595812452,0.51400199483954,8,0.64954,-11.3593301988789,-5.83871838226476,0,0
0.142898782074922,1.19381245683208,6,1.05886,6.99796027285733,8.3542521461531,8,7.40984
0.0376420487421919,0.56965269635525,6,0.49336,26.5660354155784,15.1334137059533,7,13.10647
-0.0957489322359121,0.376490044191147,10,0.55043,-10.4439806966843,-3.93205475402616,0,0
0.216600239533319,1.28013700573447,7,1.07949,4.61680006520109,5.9101366115412,8,4.98377
0.0150129687615236,0.294766468793951,8,0.2293,66.609077517225,19.634122569375,9,15.27284
-0.0266064353591863,0.269376567823972,8,0.34623,-37.5848920195442,-10.1244892142594,0,0
0.0745530041328787,1.07594997101851,5,1.00151,13.4132757174702,14.4320136194754,5,13.43352
0.246457828482845,1.31539088180899,7,1.08909,4.05748929200521,5.33718441774128,10,4.41899
0.210433458497857,0.960107114445972,14,0.6216,4.75209601713686,4.56252119458347,18,2.95356
0.0499366239018024,0.604449557224418,8,0.5057,20.0253826122976,12.1043336532529,8,10.12688
0.648294259113366,1.6415972135638,21,0.98031,1.54250941750995,2.53217916168025,29,1.51192
-0.202336957519811,0.924059484032163,7,1.10686,-4.94225084857316,-4.56693376909004,0,0
0.60355565994429,1.66329503463874,14,1.12841,1.65684801977054,2.75582708443537,13,1.8696
0.393239765658301,1.46501233836325,9,1.11108,2.54297781488593,3.7254938749919,11,2.82546
-0.235112497559001,1.24276663403003,6,1.40956,-4.25328304697649,-5.28583825586797,0,0
-0.371780813667303,0.886243035162047,8,1.19686,-2.68975687619769,-2.38377829780943,0,0
0.0507097466080827,0.868959408301195,5,0.80605,19.7200748749277,17.1359445949724,7,15.89532
-0.027039455820685,0.736279248432231,5,0.77133,-36.9829928025033,-27.2298101454017,0,0
-0.140126638971147,0.290240334516379,15,0.54659,-7.13640181012198,-2.07127164861309,0,0
0.0800609336235196,1.17880655492315,6,1.10645,12.4904863675763,14.7238672042772,5,13.82007
0.167003947552634,1.1790854142507,7,1.01446,5.98788241029352,7.0602248122254,8,6.07447
0.131701475576117,0.888406959038661,8,0.70037,7.59292935500976,6.7456112784796,5,5.31776
-0.0587091108104222,0.912682447661583,5,0.97302,-17.033131420251,-15.5458400759761,0,0
-0.291625252497961,1.07771500824325,7,1.30174,-3.42905832548569,-3.69554762151739,0,0
0.297577084488501,1.25206069773448,10,0.93319,3.36047381376452,4.20751718798047,12,3.13589
0.0551926843551095,0.545431013788035,8,0.4112,18.1183432493699,9.88230632666341,13,7.45046
-0.127014433154655,0.929054800727577,6,1.05002,-7.87312099233934,-7.31456085464193,0,0
-0.139481684515603,0.955988803405086,6,1.0846,-7.16940007910596,-6.85386620275684,0,0
0.598859096177041,1.57788006308246,21,0.94253,1.66984188164417,2.63481021354645,27,1.57366
0.321687594823123,1.28749444811051,10,0.94827,3.10860603919104,4.00231301682126,13,2.94773
-0.11536030000471,1.23251105366168,5,1.31991,-8.66849340682338,-10.6840139425032,0,0
-0.133014867733801,0.843033063692052,6,0.97891,-7.5179565791192,-6.33788596759868,0,0
-0.244757519404135,0.652628660024469,10,0.91897,-4.08567631521398,-2.66642945889181,0,0
0.292854042183365,1.3038051356564,7,1.01538,3.41467029973201,4.45206467336398,12,3.46721
0.035014212787708,1.08484497566492,4,1.05155,28.5598310052842,30.9829891719219,6,30.03201
0.123626889553068,0.832149560639079,9,0.63855,8.08885513188243,6.73113724406912,10,5.16505
0.0457128272135014,0.664773550475983,6,0.58689,21.8756979376819,14.5423853871729,6,12.83847
0.344190202985404,1.35908804131069,9,1.02244,2.90537031945214,3.94865405674643,11,2.9706
-0.305187877042517,0.282667172417952,22,0.71158,-3.27667012756435,-0.926207079904985,0,0
-0.398341641814509,1.34305590142243,7,1.5931,-2.51040788867778,-3.37161812986611,0,0
0.0900839453354962,1.23622089276435,5,1.15846,11.1007571468561,13.7229879104467,5,12.85977
-0.047569477423079,0.710606774220995,5,0.77221,-21.0218832363047,-14.9382926346009,0,0
-0.603625267582627,0.954895969869351,11,1.38935,-1.65665695872003,-1.58193505333777,0,0
0.455426527951779,1.53581046003133,10,1.13428,2.19574385466163,3.37224637953883,11,2.49064
0.040651544942647,0.724784401031827,5,0.66352,24.5993110818013,17.8291969482189,7,16.32208
0.240646276457236,1.06796468738117,12,0.74489,4.15547672177553,4.43790239809073,13,3.09543
-0.295074637729031,1.31838882579521,7,1.51337,-3.38897306693742,-4.4679842223712,0,0
-0.305245413559268,0.427694759476914,15,0.80629,-3.27605249933046,-1.40115048573488,0,0
-0.0348500158887858,1.0823934455714,4,1.11369,-28.6943915087794,-31.0586212937624,0,0
0.513207434219872,1.56076602265279,12,1.08991,1.94852984060939,3.04119916934819,12,2.12364
-0.082420155535741,1.00031326404014,5,1.07685,-12.1329545364223,-12.1367553547792,0,0
-0.50321898977522,0.899284516729735,10,1.28952,-1.98720640579697,-1.78706395227937,0,0
-0.124334573797421,0.775627744052508,6,0.91196,-8.04281519981164,-6.23823060926113,0,0
-0.0256479748239277,1.1194010556413,4,1.14186,-38.9894331566123,-43.6448126343677,0,0
0.0968318264765813,0.879065923858011,7,0.74995,10.3271830800574,9.07827473512144,7,7.74484
0.246770182270463,1.04707079372986,13,0.68878,4.05235345210383,4.2431009455683,17,2.79131
0.0307244674970847,0.961965342942506,3,0.92889,32.5473500914177,31.3094227925604,7,30.23287
0.462996223233183,1.59470693224859,10,1.21303,2.15984483203087,3.44431952622092,10,2.61991
-0.061382948587378,1.23576338749564,5,1.28358,-16.2911691766731,-20.1320304080301,0,0
-0.608788869142394,0.404656972966365,22,1.00837,-1.64260559068484,-0.664691806104156,0,0
0.0269282464208456,0.850853208609567,4,0.81793,37.1357267150483,31.5970522295468,6,30.37445
0.407027795059249,1.53991153361497,9,1.20102,2.45683467354959,3.78330804998418,10,2.95067
-0.713068734296325,0.620024690930038,17,1.20955,-1.40238935168967,-0.869516024344967,0,0
-0.143316717633464,1.08537280153242,6,1.20437,-6.9775530483298,-7.5732462999068,0,0
-0.523721148003507,0.267009370656418,31,0.86942,-1.90941306038935,-0.509831179577705,0,0
0.379805006515436,1.37869278133988,11,0.99822,2.63293001104597,3.63000160000221,9,2.62818
0.277535011146288,1.26162213868271,9,0.97779,3.60314900765044,4.54581255702442,10,3.52306
-0.351553665222446,1.48024953994602,7,1.68846,-2.84451592722622,-4.21059339264574,0,0
-0.0517236385752645,1.15842555460951,4,1.20147,-19.3335199832253,-22.3964436091219,0,0
-0.149946029001308,0.790350646223667,7,0.94844,-6.66906624110252,-5.27090081336382,0,0
-0.553234034330234,1.29169780615052,8,1.63091,-1.8075532919999,-2.33481262177643,0,0
0.287404103650361,1.26821907560829,6,0.97276,3.47942143935614,4.41266864147191,14,3.38467
-0.164886519272807,1.12074225831296,6,1.2524,-6.06477718378837,-6.79705207712387,0,0
-0.379400843781065,0.448655323796915,15,0.87988,-2.63573478127807,-1.1825364417371,0,0
0.137517724286538,1.05775623623748,6,0.90596,7.27178991063256,7.69178112658039,9,6.58798
-0.00934429682038325,0.647875709263879,4,0.66199,-107.017148451304,-69.3338109562863,0,0
0.11074503912112,1.07855965489304,6,0.96364,9.02974984645874,9.73912387816701,6,8.70138
0.384058345741315,1.44002686116304,10,1.08658,2.60377104439635,3.74950024424929,9,2.82915
-0.366181944602487,0.784066815835357,10,1.11306,-2.73088287049642,-2.14119463668945,0,0
0.34908520675377,1.69115867615803,7,1.4505,2.86463012655061,4.84454409249975,8,4.15512
0.392547019955259,1.49509124162537,8,1.1553,2.54746552429305,3.80869339371312,10,2.94311
0.397924926238712,1.63694673413658,8,1.33999,2.51303684203011,4.11370745132609,9,3.36743
0.0036540457758612,1.26521242607522,3,1.26232,273.669259045964,346.249747179761,4,345.45755
0.0160942898025188,0.534723819686827,5,0.50271,62.1338382911124,33.2244433428272,5,31.23522
-0.588112102483174,0.0107515702301724,0,0,-1.70035609839981,-0.0182814980082475,0,0
-0.0909798807430162,0.157651305820051,21,0.3906,-10.9914410948133,-1.73281504144149,0,0
-0.250721805952989,0.789093633974115,9,1.03203,-3.98848435300239,-3.14728761215955,0,0
0.000187850195057352,0.486288543154681,3,0.4859,5323.39079922019,2588.70395639575,4,2586.64593
-0.0665639836843307,0.932469277385198,5,0.99909,-15.0231393112279,-14.0086158575978,0,0
-0.282257168721349,1.07752286465924,7,1.29541,-3.54286838676265,-3.81752169321515,0,0
-0.330468504901267,0.573775791290045,12,0.92935,-3.02600697243075,-1.73624954505565,0,0
-0.511952326323204,0.62280433328183,14,1.09173,-1.95330687757962,-1.21652798758579,0,0
0.382461776982258,1.59987818679857,8,1.30733,2.61464036456221,4.18310608558613,8,3.41817
0.131913539026572,1.01705230968926,7,0.86445,7.58072300522972,7.70999184158337,8,6.55319
-0.480842509860863,1.3089197579054,8,1.60796,-2.07968301365318,-2.72213818675089,0,0
0.0716779739087482,0.734469552596712,7,0.6186,13.9512872011851,10.2467956688027,6,8.63023
-0.299487279521768,0.658942098763738,11,0.96826,-3.3390399805856,-2.20023401266311,0,0
0.260970561780311,1.3251992288875,8,1.08459,3.83184981929807,5.07796442574648,7,4.15593
-0.398013753628339,0.167416388214996,41,0.72014,-2.51247599080154,-0.420629655856888,0,0
-0.184789198065636,0.825405645195729,7,1.00861,-5.4115717285856,-4.46674185415616,0,0
0.0611823477219213,1.58526248084555,4,1.54568,16.3445836460065,25.9104552190559,5,25.26349
-0.180251311710014,0.612059166241805,9,0.82938,-5.54780983568535,-3.39558786249766,0,0
-0.396804230655675,0.89428025196554,10,1.21963,-2.52013442081404,-2.25370644483261,0,0
0.336690779971343,1.30268943172911,9,0.94722,2.97008430134355,3.86909743070479,13,2.81339
-0.49885308274528,0.911647751450724,10,1.29643,-2.00459821656672,-1.82748745669518,0,0
-0.194289861654326,1.29239695611076,6,1.42842,-5.14694895289578,-6.65190115997997,0,0
0.426059980587886,1.75034945531231,8,1.45816,2.34708737164232,4.10822310252453,8,3.42242
-0.359744568962181,0.0712477304957628,92,0.63649,-2.77975009569951,-0.198050885663969,0,0
0.429853951391235,1.35210699606147,15,0.84088,2.32637154262156,3.14550323821692,21,1.95633
-0.0268279897231365,0.660854165452496,5,0.69922,-37.2745036180478,-24.633010981161,0,0
-0.0291307751619556,0.574283211756161,5,0.62118,-34.3279570983057,-19.7139694554427,0,0
-0.226568841112958,0.328746872321164,17,0.66796,-4.41366957207254,-1.45098006727794,0,0
0.042069426349221,1.56834301876375,4,1.54104,23.7702314193434,37.2798765009258,5,36.63097
-0.0663770391454213,0.618666926502818,6,0.7119,-15.0654505364297,-9.32049597975317,0,0
-0.232588127581796,1.09480654421623,7,1.27695,-4.29944559250266,-4.70706117117351,0,0
0.155078008828183,1.06513309681597,7,0.8911,6.44836755099132,6.86836969899502,9,5.74616
-0.220880490008635,1.5190562881284,6,1.6527,-4.52733512118208,-6.87727688429618,0,0
0.150514228138635,0.99165811164747,8,0.80459,6.64389016484822,6.58846757486658,7,5.34558
-0.287589394245378,1.53146423870113,6,1.70058,-3.47717968746364,-5.32517634288852,0,0
0.084884102328086,0.617245555434875,5,0.4104,11.7807689846904,7.27162729540516,24,4.8351
0.13266094279668,0.966817249920733,7,0.80126,7.53801366791601,7.28788164427946,7,6.03982
0.43930210538765,1.58084261901382,9,1.22109,2.27633782705771,3.59853185228614,10,2.77957
-0.657932419317306,0.909075795152962,11,1.38435,-1.51991294339567,-1.3817160675807,0,0
0.219362873904397,1.34302657830028,7,1.15272,4.55865654110558,6.12239689604724,7,5.25488
-0.0844811165206355,0.771025402969152,5,0.86832,-11.8369647701772,-9.12660053185756,0,0
-0.419288888294675,0.781714796055401,11,1.14721,-2.38499046341815,-1.864382333705,0,0
-0.119934419763594,0.874464832079213,6,0.99501,-8.33789000664805,-7.29119158455844,0,0
0.108264150942801,1.15255588930734,6,1.04939,9.23666782856248,10.6457759033853,6,9.69284
-0.0535230128399322,0.889719526489826,5,0.94628,-18.6835521197328,-16.6231211451166,0,0
-0.44231152649336,0.522968081479152,16,0.9761,-2.26084996682765,-1.18235236966406,0,0
-0.0692942063580988,0.380745889929129,9,0.51523,-14.4312209137976,-5.49462804958771,0,0
-0.418643042861267,1.19171632769106,8,1.47546,-2.38866981561518,-2.8466168207314,0,0
0.26181188004215,1.04828020770267,18,0.63785,3.81953637794819,4.00394438760345,17,2.43591
0.394183323538275,1.56433853229986,8,1.24864,2.53689068077204,3.96855584416413,9,3.16768
-0.182580780524235,1.15549073554193,6,1.29633,-5.47702774152213,-6.32865481363495,0,0
0.00285710268555378,1.05337611714738,3,1.05066,350.004921088846,368.686824759049,4,367.73504
-0.168466170285831,0.905202041763668,7,1.0636,-5.93590985242518,-5.37319771814035,0,0
0.501404223159832,1.66704940728257,9,1.27324,1.99439883792369,3.32476140064573,11,2.53936
-0.0406444223636875,0.84838771913122,5,0.89386,-24.6036218955696,-20.8734106623493,0,0
0.587000833184189,1.64160909584927,14,1.11527,1.70357509473282,2.79660437097569,14,1.89995
0.00234413013821214,1.05533097517168,3,1.05311,426.59747583924,450.201530183207,4,449.25196
0.0238295892520848,1.17177224198712,4,1.15107,41.9646343636624,49.1729936924784,5,48.30424
-0.222585040338422,1.23268997379888,6,1.39253,-4.49266490901447,-5.5380629889802,0,0
-0.513408653930865,0.708226310119701,12,1.15336,-1.94776615536881,-1.37945923719289,0,0
0.405754914453723,1.40516537129408,11,0.99904,2.4645419300622,3.46308897622567,11,2.46208
-0.211867325332139,1.03285396145327,6,1.20821,-4.71993498021615,-4.87500354211811,0,0
0.4069757782422,1.46381543873581,10,1.09069,2.45714868909196,3.59681218636226,10,2.67993
-0.0805694540715344,0.534016962602276,7,0.65671,-12.411651680203,-6.62803253113945,0,0
0.0320876660535278,1.0353656127476,4,1.00339,31.1646225166962,32.2667784880469,6,31.27015
0.317189980566814,1.67454218835635,7,1.45681,3.1526847040156,5.27930354345986,7,4.59287
0.0611131627743129,1.27562884739886,5,1.22577,16.3630870111066,20.8732258238651,6,20.05741
0.187384936179392,1.70557984541558,5,1.58754,5.33660826952843,9.10201150738579,6,8.47211
-0.47103131455959,0.682775266911263,12,1.10791,-2.12300110224092,-1.44953264423545,0,0
-0.138713705249853,1.05422275502814,6,1.17253,-7.20909298903655,-7.59998987215617,0,0
-0.552407856376149,1.00978455089003,9,1.40341,-1.81025665811508,-1.82796920651041,0,0
-0.315806540088012,0.998078688600682,8,1.25061,-3.16649553781031,-3.16041171383762,0,0
-0.152794953087239,1.00599975090328,6,1.14003,-6.54471878681126,-6.58398546926417,0,0
0.653498109119531,1.6583082303273,19,1.01361,1.53022630983174,2.53758688385735,24,1.55088
0.119072107407259,0.849918400434899,8,0.67298,8.3982724567033,7.13784629281774,10,5.65192
0.0170419570635626,0.458133520006857,5,0.41729,58.6787066925604,26.8826824465126,7,24.48629
0.165523422144221,0.93381740477787,7,0.69597,6.04144106644133,5.64160281778269,13,4.20479
0.195065192481248,1.4833626355414,6,1.33752,5.12649123751862,7.60444555316553,7,6.85679
0.55318846207352,1.63186261288359,12,1.1514,1.80770220017188,2.94992163568789,12,2.0814
-0.119902471565435,0.680851622670293,7,0.82601,-8.3401116502779,-5.67837855034313,0,0
-0.211609632624716,0.830178259610531,8,1.0347,-4.72568279428694,-3.92315911763256,0,0
0.164636472605083,0.856158042156552,13,0.56448,6.07398824924246,5.20029388755333,17,3.42884
-0.147801461023279,0.659186372419978,8,0.83599,-6.76583298349464,-4.45994490078927,0,0
-0.569270531529862,0.857596469436899,10,1.29662,-1.75663405114716,-1.50648316035644,0,0
-0.267024108793067,1.00972666838478,8,1.2273,-3.74498019867921,-3.78140637917935,0,0
0.315092251147298,1.19277991193609,13,0.7979,3.17367373002303,3.78549427221075,13,2.53211
8.44623183825083e-05,0.675484802767774,2,0.67536,11839.5992337223,7997.46935324076,4,7995.98866
-0.334010871423776,0.768867131765405,9,1.07856,-2.99391452660609,-2.3019224748224,0,0
0.201733494631445,1.47956354415886,6,1.32761,4.95703503192139,7.33424832034924,7,6.58101
-0.0724847428484724,0.7409916762525,5,0.82848,-13.7960067277948,-10.2227261508194,0,0
-0.146588439064288,0.362483063673272,12,0.60483,-6.8218203726246,-2.47279434849771,0,0
0.087468987660446,1.44571524011204,5,1.38244,11.432623456007,16.5283179648117,5,15.80496
-0.393202382983593,0.750303090029462,11,1.10586,-2.54321958176364,-1.90818551082069,0,0
-0.178513792759693,1.1688394535423,6,1.30557,-5.60180804262086,-6.54761425138584,0,0
0.27492055629392,1.07399264897295,18,0.65303,3.63741443521194,3.90655636468572,16,2.37495
0.515161808675003,1.74299573366005,9,1.36582,1.9411376836571,3.38339470106109,9,2.65122
0.0374995389164903,0.727222266284551,5,0.67137,26.6669945523051,19.3928322133251,7,17.90333
-0.486351049632601,1.07056201014684,9,1.41442,-2.05612797742581,-2.20121250063214,0,0
-0.624361861204479,0.422677224465802,22,1.02929,-1.60163530499903,-0.67697476532343,0,0
-0.079006693983012,1.04999289941711,5,1.1205,-12.657155357178,-13.2899232518561,0,0
0.235429807771431,1.26981640978309,8,1.0444,4.247550509708,5.39360933860974,8,4.4361
0.173743460741682,1.26192035164669,6,1.10463,5.75561230178775,7.263124299814,8,6.35785
-0.356798388801968,1.18756508612299,7,1.43602,-2.80270323909738,-3.32839251351586,0,0
-0.0811551226735266,0.879027609606225,5,0.96328,-12.3220810597851,-10.8314494593571,0,0
0.0444326998259194,0.708544447588516,6,0.63901,22.5059472847216,15.9464639863093,6,14.38154
-0.526539560570835,0.999219728097953,10,1.38061,-1.89919252964749,-1.89771064308003,0,0
-0.317628158983405,1.0311641729308,8,1.27942,-3.14833547252417,-3.24645074363409,0,0
0.0565181477069668,0.608449737618535,7,0.49407,17.6934319430418,10.7655640233152,9,8.74148
0.00479970049647148,1.09392600847345,3,1.08952,208.346333429586,227.915472908706,5,226.99764
0.776886569466405,1.81324559644067,19,1.11889,1.28718919762873,2.3339901443863,19,1.44022
-0.00991313784646608,1.19790270447469,4,1.20612,-100.876232681107,-120.839911945916,0,0
0.00733132174846319,0.856474665590677,4,0.84783,136.401052130828,116.824045509967,4,115.64456
-0.0106507941205148,0.921477458850301,4,0.93289,-93.8897126998136,-86.5172538708091,0,0
0.0167536077052606,0.958294913194766,2,0.94048,59.6886364771452,57.1993167115798,6,56.13603
0.474362466994247,1.47772386492206,13,1.00639,2.10809258653284,3.11517872458484,13,2.12146
0.0791679241120073,0.753857975759368,5,0.62774,12.6313783166171,9.52226528881578,11,7.92925
0.170233013746252,1.03253923227379,6,0.82658,5.87430121803867,6.06544646981866,11,4.85565
-0.522389222561589,0.838564345922176,11,1.25485,-1.91428145300624,-1.60524817455113,0,0
0.262001095375416,1.31230682123341,8,1.06669,3.81677793585986,5.00878372036208,9,4.07129
0.110445863104857,1.08185721492132,6,0.96773,9.05420965428649,9.79536203990008,4,8.76201
0.579344422759508,1.62706690531779,12,1.10072,1.72608893900599,2.80846218829174,16,1.89996
-0.296981282296831,0.717978162181323,10,1.01157,-3.36721557758144,-2.41758725206024,0,0
-0.482502727373466,0.995638091231986,9,1.3524,-2.07252714496261,-2.06348697063705,0,0
-0.0227647540341168,0.939993375263311,4,0.96362,-43.9275556635196,-41.2916113152188,0,0
0.818740506699394,1.88242759061572,16,1.20028,1.2213882076402,2.29917486091459,17,1.46603
-0.163177605961604,0.271881493911792,17,0.56217,-6.12829189463227,-1.66616915544015,0,0
0.0132973043520152,1.28669533483603,4,1.27628,75.2032121343786,96.7636222179897,5,95.98009
-0.0507050563049715,0.908417363939413,4,0.96117,-19.7218990150683,-17.9157155151476,0,0
-0.514506566756123,1.01399358265127,10,1.38537,-1.94360978967641,-1.97080785391007,0,0
-0.45701867658558,0.787450575779124,11,1.17606,-2.18809438483143,-1.72301618319458,0,0
0.267745564292863,1.27154577717122,6,1.00517,3.73488913865325,4.7490825124572,12,3.75423
0.143997266776026,1.09026170649395,7,0.9365,6.9445762575161,7.57140556139689,7,6.50359
-0.0905304208776894,0.398368612297879,9,0.56001,-11.0460107255112,-4.40038396414938,0,0
-0.151506033895094,0.260782751674775,17,0.54088,-6.60039718743096,-1.72126974068469,0,0
-0.15563380477693,0.871560859089796,7,1.0236,-6.42533928559608,-5.60007422769754,0,0
-0.0832672310799795,0.875982373455558,6,0.96249,-12.0095262809866,-10.5201333356956,0,0
0.277993963348197,1.30520069245651,9,1.03717,3.59720041383584,4.69506847104339,10,3.7309
0.145657229699132,1.01117641269008,8,0.83719,6.86543333321379,6.94216424944203,8,5.74769
-0.40924938893088,0.704360902829373,12,1.08243,-2.44349784519506,-1.72110434830322,0,0
0.189172893670339,0.987704767155617,7,0.72774,5.28616960177522,5.2211749156665,14,3.8471
0.3807528373905,1.31254810872039,11,0.87971,2.62637570045053,3.44724445841554,17,2.31053
-0.0929094614599067,1.17135428531102,5,1.24592,-10.7631664664371,-12.607481163977,0,0
0.647244819101184,1.63790765804055,21,0.97217,1.54501043575548,2.53058442447648,23,1.50176
0.314313911257086,1.15327267713141,15,0.71145,3.18153274222111,3.66917478300259,22,2.26368
0.00459451745365236,1.39986881022315,3,1.39658,217.650713070001,304.682444749522,4,303.96641
0.0649864613549317,0.714857780956193,6,0.60795,15.3878204652254,11.0001031915233,8,9.35527
-0.159635483359547,1.01626816383621,6,1.15453,-6.26427144488736,-6.36617963906725,0,0
0.0501593798973426,0.81623987951547,5,0.7493,19.936450610965,16.2729260446602,6,14.93834
0.552790980411147,1.71343034478017,10,1.28237,1.8090020196354,3.0995989542119,10,2.31977
0.0610607547371273,0.725027706678049,6,0.62777,16.37713133919,11.8738739768181,8,10.2809
-0.123390841416187,0.624740944586114,8,0.78244,-8.10432920727954,-5.06310628419266,0,0
0.254559519813478,1.28019097461519,8,1.03401,3.92835436181183,5.02904379908173,8,4.06192
0.0486013036371705,0.836356429462314,5,0.77353,20.5755797717985,17.2085184320584,5,15.91573
0.244280774630445,1.25733535021955,8,1.01718,4.09365002838569,5.14709089211659,9,4.16397
-0.146824790086561,1.27019660660329,5,1.37684,-6.81083895580879,-8.65110452978981,0,0
0.207599567894641,1.28729762178143,7,1.09828,4.81696571019605,6.20086850293808,7,5.29034
0.218377799025758,1.16928682546278,8,0.93598,4.57922006935351,5.35442169798981,9,4.28601
0.0793408312277246,0.9865310925232,6,0.8982,12.6038508108113,12.4340907103891,6,11.32074
0.146545158670345,0.895811225705398,9,0.68046,6.82383511726587,6.11286810040948,10,4.64322
0.315028963812958,1.28075614988494,10,0.94871,3.17431130108319,4.06551872051157,10,3.01142
0.0185613060809758,0.879714359224982,4,0.85808,53.8755190845616,47.3950677493884,6,46.22968
-0.0847162757776082,0.612992989891058,6,0.72917,-11.8041071898054,-7.23583495927333,0,0
-0.278198075722485,0.828298328139042,8,1.08476,-3.5945611679843,-2.97736900583492,0,0
0.186068009395332,1.12003804517526,8,0.91716,5.37437898782126,6.0195089355503,9,4.92919
-0.470831609523842,1.14009501997943,9,1.46211,-2.12390158131336,-2.42144961578179,0,0
-0.0873409066260952,0.765513023753438,6,0.86633,-11.4493888216776,-8.76465625701122,0,0
0.26136860150215,1.38823003648033,7,1.16361,3.82601427353077,5.31138793451789,8,4.45198
-0.0955062012019711,1.15458730146876,5,1.2321,-10.4705242949121,-12.0891343906256,0,0
0.408391889384042,1.59183003396242,9,1.27034,2.44862845221596,3.89780031225229,9,3.11061
-0.156604137593796,1.65838444493404,5,1.74798,-6.38552732619253,-10.5896591904589,0,0
8.36834458201262e-05,0.262085179990351,3,0.26177,11949.7947317974,3131.86410313088,3,3128.04389
-0.132298325515247,0.564152603948638,8,0.74237,-7.55867465521892,-4.26424598914233,0,0
0.695105778366369,1.78564918978986,13,1.21222,1.43862996269459,2.56888842729301,14,1.74394
0.221535553776635,1.19713478765712,8,0.96837,4.51394813587465,5.40380434313556,8,4.37113
-0.263736938356302,0.834701772234539,9,1.0791,-3.79165696785721,-3.16490279077586,0,0
0.0532338322968727,0.753446862099097,6,0.67453,18.7850462169102,14.1535341265175,8,12.67101
-0.305981238678575,0.916107829563723,8,1.17623,-3.26817423289954,-2.99400000313768,0,0
0.0273940448997307,1.2982458267596,4,1.27679,36.5042841851307,47.3915346021923,5,46.60832
-0.13574145623908,0.695980787129504,7,0.85479,-7.36694616152274,-5.12725298823727,0,0
-0.0399147089325538,0.318719918078717,8,0.41491,-25.0534208251338,-7.98502423297828,0,0
0.186966915236905,1.799597766904,5,1.68889,5.34853986724285,9.62522040128723,6,9.03312
-0.296173028358634,0.784483304532877,10,1.06308,-3.3764046832418,-2.64873310334981,0,0
0.551559922818731,1.51929012388873,19,0.91943,1.81303963291881,2.7545332085124,27,1.66672
-0.242014410345777,0.83851115425607,8,1.06563,-4.13198535810845,-3.4647158119967,0,0
0.146552839701813,1.01732679957326,7,0.84362,6.82347747088811,6.94170649741883,9,5.75631
-0.582264439478725,0.105623979071378,81,0.81772,-1.7174327199086,-0.181402077664125,0,0
-0.218530816278041,0.0445056196334846,0,0,-4.57601365808142,-0.203658323304203,0,0
-0.0458962626873394,0.910297057538564,4,0.95819,-21.7882664393032,-19.8337948285639,0,0
-0.111860869782022,1.02024186543314,6,1.12011,-8.93967659958886,-9.12063233033356,0,0
0.426703586695105,1.39995662303079,13,0.95153,2.3435472097743,3.28086443770886,13,2.22985
-0.537287285053202,0.326157264632367,26,0.91399,-1.8612016844973,-0.607044450344793,0,0
0.786106114732857,1.8078025098837,19,1.07969,1.27209289084315,2.29969272087147,24,1.37349
-0.498835564096086,0.371330571215582,23,0.91596,-2.00466861622436,-0.744394742360543,0,0
0.169639436004513,1.60565183883765,6,1.49195,5.89485572195251,9.46508592963569,6,8.79482
-0.160788427419846,0.539220110906682,10,0.75281,-6.21935307190257,-3.35360025319912,0,0
-0.134175415843885,1.271816400468,5,1.36977,-7.45293013411275,-9.47875877610677,0,0
-0.18713515146413,1.07209703435805,6,1.22488,-5.34373148056942,-5.72899867272421,0,0
0.0646709030497396,0.997493736001002,5,0.92779,15.4629045342212,15.4241504132672,5,14.34632
0.0970059280832378,1.07772959234845,5,0.9786,10.3086483450984,11.1099353786264,8,10.08807
0.506156232234904,1.46394630489455,18,0.90416,1.97567457696719,2.89228149662521,18,1.78612
0.109460090418028,1.30011798997149,5,1.20963,9.13574980781577,11.8775526770199,7,11.05085
-0.508133132564789,0.495310300969998,17,1.00227,-1.96798818245235,-0.974764818955874,0,0
-0.0247671885950622,0.606458753711229,4,0.64486,-40.3759997289062,-24.4863784754373,0,0
0.0465873413540643,0.778495413526441,5,0.71317,21.465058338487,16.7104494675897,7,15.30826
-0.243736916860074,0.374579672378493,16,0.71531,-4.10278431713357,-1.53681960535151,0,0
-0.0752117565820926,0.841565930884105,5,0.92305,-13.2957937089066,-11.189287009479,0,0
-0.0576928069029508,0.752880243376298,5,0.82298,-17.3331833495668,-13.0498112987079,0,0
0.421124236996683,1.90416457306139,7,1.64875,2.37459616936718,4.52162190103628,7,3.91509
-0.529884400717179,0.834975935544352,11,1.25665,-1.88720407441045,-1.57576998759398,0,0
-0.634187403621499,0.744066645200588,13,1.25099,-1.5768209748247,-1.17325989281974,0,0
-0.0132817016115155,0.894169944629162,4,0.90878,-75.2915574562358,-67.3234477616856,0,0
0.113648362340304,0.71631067597793,12,0.47906,8.79907091846724,6.30286843758502,16,4.21557
-0.0718672465582104,1.3839082985119,4,1.43402,-13.9145444954543,-19.2564535972722,0,0
-0.576964534949613,0.985965813037501,10,1.39851,-1.73320878394602,-1.70888460782708,0,0
0.477199370742645,1.89421455257436,7,1.59505,2.09556018157305,3.96944059173102,8,3.34249
-0.307281563319694,1.20407290525921,7,1.42041,-3.25434428670752,-3.91846778000964,0,0
0.0611312404903578,0.633268528114292,7,0.51445,16.3582481228682,10.3591637112971,11,8.41529
0.277894219075089,1.12959818215793,12,0.76759,3.5984915531107,4.06484951690451,13,2.76195
0.201308373384844,1.16986539298637,6,0.96021,4.96750325476173,5.81131014729288,10,4.76987
-0.0238138685867308,1.11786103929957,4,1.13877,-41.9923372113175,-46.9415977176612,0,0
-0.238697993094494,1.37835353825285,6,1.53396,-4.18939425101964,-5.77446638902905,0,0
-0.451684718332891,0.324715520463584,24,0.85375,-2.21393365640279,-0.718898619510676,0,0
-0.130108715341001,0.933329853472158,5,1.05649,-7.68588020701845,-7.17346144742109,0,0
-0.195740488298538,0.887985099731367,7,1.07078,-5.10880507498699,-4.53654278402043,0,0
0.421034371667922,1.37322162899108,14,0.91114,2.37510300177753,3.26154281312256,12,2.16395
-0.194396508813383,0.661059639525863,8,0.88157,-5.14412530401963,-3.40057361915109,0,0
-0.0611685083361205,0.858973742028399,5,0.92509,-16.3482816109395,-14.0427446310828,0,0
-0.659482577333013,0.59634735486383,16,1.16326,-1.51634028611349,-0.90426551869724,0,0
-0.21095222735323,0.698744898031744,9,0.92645,-4.74040977214023,-3.31233714286281,0,0
-0.0709769024486653,1.13842497532708,5,1.19769,-14.0890904716962,-16.0393724726218,0,0
0.114887812750382,1.67792980831832,5,1.60641,8.70414342531446,14.6049417092131,6,13.98244
-0.0180144720280208,0.904044855125348,3,0.92355,-55.5109246856936,-50.184365865352,0,0
0.00187557973877187,1.05473532079376,3,1.05295,533.168480831853,562.351628667305,4,561.40192
0.0256527090054227,0.619802455163823,4,0.5752,38.9822376961673,24.1612866318642,7,22.42277
-0.020288207841305,0.511356060796238,5,0.54835,-49.2897158695351,-25.2045949448113,0,0
0.469096845280816,1.46805076240801,11,0.998,2.13175596907152,3.12952597566327,16,2.12752
0.109939299400277,1.01737244575388,4,0.89445,9.09592843919362,9.25394696258471,9,8.13595
-0.286885885999451,0.744842150191946,9,1.02478,-3.48570650841259,-2.5963011306641,0,0
0.254564504617496,1.57701000069318,6,1.39446,3.92827743798209,6.19493280519514,7,5.4778
-0.315656597833205,0.803687767964704,9,1.0926,-3.16799967706808,-2.54608258937574,0,0
-0.174247289140472,0.739298428944151,8,0.92723,-5.73897020110214,-4.24281165343211,0,0
-0.0504077901070334,1.15723145844535,5,1.19926,-19.8382035371249,-22.9573932122027,0,0
-0.275995275277913,0.877281041301754,8,1.12303,-3.62325043062079,-3.17860891067203,0,0
-0.0663536306002066,0.956398780787172,5,1.02136,-15.0707653967752,-14.4136616510053,0,0
0.403061461403282,1.55424748275607,8,1.22529,2.48101119992579,3.85610541217427,10,3.03997
0.00967135629339522,1.05431992010296,4,1.04507,103.39811394219,109.014691230327,4,108.05781
0.587216969860501,1.56967162710719,19,0.95448,1.70294806064198,2.67306925322693,19,1.6252
-0.0964600235140968,0.498948218639481,8,0.64785,-10.3669889719015,-5.1725906801854,0,0
-0.0938818822460702,1.76941302414872,4,1.82097,-10.6516824766992,-18.8472257033682,0,0
-0.524539303702246,0.547885676529919,16,1.04828,-1.90643483327543,-1.04450833838931,0,0
0.736654991519028,1.79622560548243,16,1.16256,1.35748757764871,2.43835394609694,16,1.57817
0.260908954225912,1.28498434744703,8,1.03223,3.83275462111635,4.92502969573978,9,3.95624
-0.337677322147478,0.560135214692608,14,0.92513,-2.9614070427959,-1.65878836970868,0,0
0.297173762257625,1.42472442859303,8,1.17094,3.3650346262167,4.79424703503236,8,3.94022
-0.0621220551629228,1.43783698293827,4,1.47982,-16.0973425199372,-23.1453544021904,0,0
0.313583707297297,1.25879512686243,10,0.91676,3.18894118772547,4.01422362695972,10,2.92337
-0.0672549984409267,1.23851153094321,5,1.29062,-14.8687833347933,-18.4151596112378,0,0
-0.0465734065451876,0.694725071602687,5,0.75631,-21.471480704976,-14.9167759701802,0,0
-0.404362300711318,0.271879462606311,26,0.78622,-2.47302975139099,-0.672365999817602,0,0
-0.29795987063798,0.533859004339608,12,0.87455,-3.35615664572159,-1.79171444529268,0,0
0.0822330427540935,0.657684010532058,14,0.48976,12.1605618192964,7.9978070676379,6,5.95609
0.00718236739912675,0.279544199671712,5,0.25092,139.229858962879,38.9208994941834,8,34.93557
0.440069327713873,1.44600715263143,12,1.01054,2.2723692314457,3.28586216209007,15,2.29623
0.499278785928063,1.6763133205417,9,1.28895,2.00288902349655,3.35746954965401,10,2.58164
0.567996960691119,1.53337880056807,34,0.90737,1.7605728009235,2.69962500979284,11,1.59755
-0.0738902373130525,0.923621187535275,5,0.99768,-13.5335876072948,-12.4999082574623,0,0
-0.672193573747137,0.854857257292957,12,1.35202,-1.48766670651954,-1.27174268050134,0,0
-0.296125595358574,0.766443960206407,9,1.0488,-3.37694551120822,-2.58823949101168,0,0
0.0644795946917005,0.781559850103558,6,0.68782,15.5087823486073,12.1210416076662,7,10.66716
0.245924302948438,1.23851723705297,8,0.99016,4.06629189555807,5.03617260353748,10,4.02621
-0.229983603013771,0.496186067632991,11,0.78804,-4.34813607098816,-2.15748453859678,0,0
0.408023202535513,1.47124119824602,10,1.10048,2.45084101537819,3.60577827217551,12,2.69706
-0.102625479326676,1.39783542195994,5,1.46776,-9.74416886099814,-13.6207443914622,0,0
-0.0584972380319011,0.579619687187427,6,0.66729,-17.0948241941723,-9.90849665195021,0,0
0.139843156342106,1.83661203938382,5,1.75702,7.15086834534572,13.1333708951106,5,12.56422
-0.161187565614524,1.09202229667678,6,1.22374,-6.20395249588593,-6.774854453031,0,0
0.254877950431257,1.48160311354754,7,1.28293,3.92344649000821,5.81299053543333,7,5.03352
-0.0462205531623044,0.653942608493051,5,0.71829,-21.6353966273073,-14.1483077062431,0,0
0.383201787272739,1.33985748569247,12,0.92609,2.6095911689688,3.49648026233982,12,2.41661
-0.537976483999735,0.622244353653833,15,1.10784,-1.85881730845412,-1.15663857465959,0,0
-0.181588815357495,0.298781496043174,16,0.60094,-5.50694709930948,-1.6453738929623,0,0
0.206549983326503,1.66254421595458,6,1.52731,4.84144314075906,8.04911329054196,6,7.39436
0.0811486514406882,1.19000949617126,5,1.11738,12.3230636892457,14.6645628121256,6,13.76962
0.0350793553865777,0.648503968928306,5,0.58894,28.5067952070358,18.4867698331891,7,16.7888
0.274642237288691,1.25843105473743,9,0.97746,3.64110054546653,4.58207399983646,9,3.55899
0.188067693628327,1.19387893569333,7,1.00715,5.31723434635334,6.34813408225637,8,5.35522
-0.493998646564814,0.998494487722086,10,1.36137,-2.02429704403815,-2.02124943998421,0,0
-0.40696147758067,0.706461708014885,12,1.08244,-2.45723503350946,-1.73594245876711,0,0
-0.0202311486766704,0.460598107834472,5,0.50098,-49.4287307152832,-22.7667798401191,0,0
-0.429199106846756,0.887829925899705,10,1.23527,-2.32992097152021,-2.06857356349696,0,0
0.599797208083698,1.68707990466196,11,1.17782,1.66723016800114,2.81275051288091,14,1.96372
-0.261873077446013,0.875958179691546,8,1.11156,-3.81864378634401,-3.34497225997633,0,0
-0.041991896725761,1.09778619098034,5,1.13479,-23.8141183888587,-26.14281031766,0,0
0.190874612701864,1.05048964892338,9,0.81679,5.23904140967111,5.50355877114045,9,4.27926
-0.0816057576180817,0.570641298515215,8,0.68907,-12.2540373276116,-6.99265977268222,0,0
0.0124425697403737,0.915887966180339,4,0.9021,80.369250152177,73.6092290653162,4,72.5007
-0.245743332940209,0.533605561601863,11,0.82977,-4.06928638932111,-2.17139384909251,0,0
0.455738769870784,1.49184071780405,10,1.06316,2.19423947689053,3.27345579623835,13,2.33286
0.205001092170163,1.41407942986057,6,1.2501,4.87802279204415,6.89791168862066,7,6.09797
0.214416360062641,1.05955926737778,9,0.78715,4.66382322555917,4.94159712005295,12,3.67121
-0.529005332592439,0.230842599948235,35,0.85183,-1.89034011264009,-0.436371026388279,0,0
0.183882548361854,0.962851490844271,10,0.70024,5.43825397738206,5.23623094971211,12,3.80816
-0.182170409031665,0.91938773542875,7,1.08698,-5.48936572803205,-5.04685552563558,0,0
0.0359193387082424,0.816485701212475,5,0.76983,27.8401561933692,22.7310894514079,5,21.4321
-0.672780063819528,0.97545110243669,11,1.442,-1.48636984622102,-1.44988110512495,0,0
0.327003117620758,1.27233814749973,11,0.91495,3.05807481982405,3.89090525117049,11,2.7979
-0.159232842518738,1.10339126095417,5,1.23258,-6.28011146558739,-6.92942010894724,0,0
-0.158709684317939,0.858221400185658,7,1.01464,-6.30081273425462,-5.40749232709963,0,0
-0.276131940402905,0.22684649895238,26,0.65099,-3.62145718652068,-0.82151488386815,0,0
-0.399863845929431,0.760899338244264,11,1.11843,-2.50085125269485,-1.90289606322285,0,0
-0.522153739833485,0.644235874152641,14,1.11327,-1.91514476238148,-1.23380496012168,0,0
-0.0760731607743689,0.765939618746187,5,0.85492,-13.14524057921,-10.068460557567,0,0
-0.0239693697669931,0.665571471754597,5,0.69982,-41.7199121095393,-27.7675833042185,0,0
-0.709391768577656,0.639744569322836,16,1.22083,-1.40965830771482,-0.901821246961373,0,0
-0.147280190915272,0.749230737032431,7,0.91092,-6.7897793571933,-5.08711139207752,0,0
-0.125967632340308,1.02237271416867,5,1.13351,-7.93854723964681,-8.11615408795392,0,0
-0.426287550826084,0.501195982238317,15,0.94996,-2.34583439760824,-1.1757227750777,0,0
0.414334046207413,1.53077741057604,9,1.17949,2.41351153532627,3.69454893844216,11,2.84672
-0.0268131612679904,1.35821657679711,4,1.37768,-37.2951174986517,-50.6548468202647,0,0
-0.000559786023836432,0.443702432009227,3,0.44496,-1786.39686847955,-792.628635078026,0,0
-0.342992516827905,0.377161667705333,17,0.80386,-2.91551550234475,-1.0996206890851,0,0
0.340115398229694,1.33246035423271,9,0.98831,2.9401785547053,3.91767135851005,12,2.90584
0.667962081493382,1.70537063012443,16,1.09585,1.49709096924225,2.55309496957026,15,1.64049
0.236949152309852,1.4892056230882,7,1.30806,4.22031473947764,6.28491644123213,7,5.52042
0.163609503252381,1.05775226570215,11,0.8696,6.11211439507531,6.46510284962165,5,5.31516
0.0481517366936647,0.722621415469324,7,0.64835,20.7676829262021,15.0071724321503,6,13.4648
0.483383481645075,1.46245278584365,20,0.95769,2.06875087373021,3.02545047850322,10,1.98128
0.171176284569778,1.11547328709092,6,0.93176,5.84193074708526,6.51651769340869,10,5.44328
0.26291150439158,1.35847502403577,8,1.12472,3.80356121088792,5.1670429073825,8,4.27792
-0.231039035148371,0.849938980626681,7,1.06656,-4.32827292304873,-3.6787678760901,0,0
-0.0808425346378401,0.822270955651272,6,0.91101,-12.3697259676458,-10.1712663925605,0,0
0.329072125232428,1.72278922899075,7,1.50399,3.03884748455581,5.23529371493838,7,4.57039
0.100333890262022,0.795721000723719,8,0.63861,9.96672208551367,7.93073007182013,8,6.36482
0.755577484594714,1.76761771080139,22,1.04373,1.32349099912154,2.33942613013346,19,1.38114
0.255677482446567,1.12657631860244,11,0.81153,3.91117743506797,4.40623987619983,12,3.17396
0.0899103697832315,0.931922029408685,6,0.82263,11.1221876009513,10.3650116405426,8,9.14939
-0.247779832211978,0.419147293091487,14,0.74968,-4.03584097653472,-1.69161182066223,0,0
-0.395644697960928,0.543853814441237,14,0.9572,-2.52752028563455,-1.37460154841996,0,0
-0.327178254960013,1.04974031692503,7,1.30119,-3.05643784340807,-3.20846603040085,0,0
-0.126991930041734,1.35906606362699,5,1.44684,-7.8745161182397,-10.7019876237833,0,0
-0.15534901306135,1.01916241617591,5,1.15381,-6.43711846180242,-6.56046920474112,0,0
0.422573008115935,1.40232088213197,13,0.96396,2.36645498125532,3.31852923683955,9,2.28109
0.0401353901526171,1.07983876345447,5,1.0413,24.9156666024036,26.9049026145834,5,25.94456
0.591121320368243,1.75051536247347,10,1.29356,1.69170010544882,2.96134702328614,11,2.18826
-0.320572442490191,1.25094333288355,7,1.46915,-3.1194197237668,-3.90221730591151,0,0
-0.0748111067724091,1.18231001435925,5,1.24252,-13.3669991414805,-15.8039369469039,0,0
-0.193530016747509,1.16829181321606,6,1.31542,-5.16715709948323,-6.03674733692751,0,0
0.0418722138434133,0.582368136828669,6,0.49836,23.8821860181464,13.9082241747836,8,11.90158
-0.104135484515787,0.861589293371601,6,0.96905,-9.60287460753493,-8.27373394744211,0,0
0.232815233362878,1.14657220042641,9,0.88288,4.29525158451013,4.9248160606368,10,3.79213
0.107205006138705,1.21058632660933,6,1.11439,9.3279226037837,11.2922555598106,6,10.3949
-0.566892112681213,0.397720253789605,22,0.97759,-1.76400408054776,-0.701580150601354,0,0
-0.292291464973294,0.799698739698581,9,1.07229,-3.4212425603716,-2.73596336373232,0,0
-0.192280391881734,0.689799640825034,9,0.90278,-5.20073830832979,-3.58746741711088,0,0
-0.350495178186413,0.396029761232003,17,0.82226,-2.85310629713754,-1.1299150056249,0,0
-0.0707839708248744,0.268435587762825,11,0.43219,-14.1274922605583,-3.79232168857774,0,0
0.28413099145706,1.18883116143669,8,0.85745,3.51950343351098,4.18409535454127,14,3.01784
0.096595008906688,1.09419995922691,5,0.99735,10.3525017629639,11.3277070069316,7,10.32505
-0.133616893940928,0.399752817236774,10,0.61648,-7.48408356537687,-2.99178348969484,0,0
0.607477446757875,1.63716306275056,13,1.06874,1.64615164782994,2.69501867351315,17,1.75931
-0.238275563022013,1.06999495925765,7,1.25922,-4.19682147559386,-4.49057782378966,0,0
-0.130095005809689,0.971595545604143,6,1.09085,-7.6866901521405,-7.46835391225894,0,0
0.160740802453738,1.18378338413433,7,1.02731,6.22119576818591,7.36454817982532,7,6.39113
-0.119766903418003,1.12576026450103,5,1.22364,-8.34955210046517,-9.3995939810848,0,0
-0.189408382908176,1.51716009423893,5,1.63314,-5.27959736863808,-8.00999444134658,0,0
-0.0974854015606099,1.20280696927555,5,1.27903,-10.2579461538994,-12.3383291243636,0,0
0.0195493633048208,0.963888965983061,3,0.94316,51.1525610531472,49.3053891809034,6,48.24513
0.352968340360198,1.2711432569359,13,0.86139,2.83311528444596,3.60129538994551,13,2.44031
0.0542463529827975,1.4250015066675,4,1.38586,18.4344189980314,26.2690748467347,5,25.5475
-0.529903569489428,1.08437806818576,9,1.44986,-1.88713580654593,-2.04636868030645,0,0
-0.137667651661472,1.11130475307441,6,1.2238,-7.26387054570394,-8.07237386315802,0,0
0.713041986082893,1.72737014109936,16,1.045,1.40244195926458,2.42253636505852,24,1.46561
0.366706257950217,1.63525788310488,7,1.36701,2.72697827844475,4.45931272688256,8,3.72778
0.132114606004503,1.49015683949202,5,1.39549,7.56918580195379,11.2792739921673,6,10.56268
-0.136060656187901,0.475168447158784,10,0.67635,-7.34966321652153,-3.49232805773457,0,0
-0.65444784222056,0.917875409661249,12,1.38903,-1.5280056491698,-1.40251881119643,0,0
-0.241006319573765,1.27230674971421,6,1.43971,-4.14926878999921,-5.27914268789452,0,0
-0.0752565727441919,0.788466974235432,6,0.87452,-13.2878759095122,-10.477051312389,0,0
0.099915871118717,1.2792355059745,5,1.19567,10.0084199717564,12.803126186575,6,11.96678
-0.0938830845238166,0.693363461503454,7,0.80936,-10.6515460700092,-7.38539285346509,0,0
-0.493090687165547,0.323169208074933,24,0.88212,-2.02802451157279,-0.655395075361532,0,0
0.190312068541799,0.980187049221772,11,0.71342,5.25452751190273,5.15041981694655,11,3.74871
0.215610195995568,1.22703176709366,7,1.0145,4.63799958709075,5.69097282912763,9,4.70526
0.0650648610723514,1.20816781969757,4,1.15167,15.3692789551646,18.568668245585,6,17.70036
-0.243854346336516,0.412124180092774,14,0.74116,-4.10080859752245,-1.69004238097134,0,0
-0.270285704962729,1.06218922959817,7,1.27429,-3.69978871112661,-3.92987572074756,0,0
-0.335488972428487,0.324570615488754,22,0.76379,-2.98072390505521,-0.967455392465812,0,0
0.19465185740215,0.985438591871865,9,0.71205,5.13737712727809,5.06256968221965,13,3.65821
-0.777224175709481,0.901508626069872,12,1.4409,-1.28663007566274,-1.15990811177089,0,0
0.257416909075952,1.32216039581147,8,1.08489,3.88474868876988,5.13626086397209,7,4.21449
-0.539261041834572,0.715140598243445,12,1.17433,-1.85438947452608,-1.32614919818893,0,0
0.580366791434636,1.63246954712749,13,1.10926,1.72304827698369,2.81282384040636,15,1.91131
0.30555695809736,1.22625683332486,10,0.87838,3.27271225053028,4.01318576071873,13,2.87473
-0.155162284347315,1.33632854961344,6,1.4438,-6.4448651565454,-8.61245730710052,0,0
0.223941376892127,1.07276089690853,10,0.78891,4.46545436970186,4.79036483474549,12,3.52276
-0.270693093491067,0.489918732291385,13,0.82003,-3.69422059167904,-1.80986786908013,0,0
-0.20618596898045,0.741555601954991,8,0.957,-4.84999054467579,-3.59653765783307,0,0
-0.131029804652432,0.254945870982789,16,0.51125,-7.63185141466547,-1.94570900612312,0,0
0.0633459195163924,0.824448280866916,6,0.7387,15.7863364780935,13.0150179705509,6,11.66128
-0.170338108874376,1.30389918699235,5,1.42356,-5.87067689437305,-7.65477082966779,0,0
-0.268406049362521,1.01364126771323,7,1.23157,-3.72569844224843,-3.7765216921179,0,0
0.311638646809793,1.25451058241071,9,0.91326,3.20884463540347,4.02552955242549,13,2.93056
0.00122198573114123,0.743180329543163,3,0.74153,818.340161031258,608.174310553609,4,606.82575
-0.0668015120744793,1.11344088400853,5,1.17051,-14.9697210279472,-16.6678994147186,0,0
0.513288366107887,1.50630021828821,11,0.98536,1.94822260941292,2.9346081418327,19,1.91977
0.00786406943517359,0.969322730157705,3,0.96114,127.160626981154,123.259686113937,5,122.21926
-0.0528098395525509,1.16033084235993,4,1.20419,-18.9358651431785,-21.9718683523984,0,0
0.024713394598778,0.867423306547189,5,0.83793,40.463886739762,35.0993184315553,5,33.9059
-0.483987431733119,0.852542212267353,11,1.24217,-2.06616935571877,-1.76149659344349,0,0
0.470976765165294,1.48036487429421,9,1.01746,2.1232469921293,3.14318026659905,17,2.16032
-0.0244505792545707,0.635809691237671,4,0.67218,-40.8988265508297,-26.003870281266,0,0
-0.00350578696629689,1.17443118003797,3,1.17741,-285.242660097032,-334.997873894919,0,0
-0.223593513067966,0.31749041494892,17,0.65752,-4.47240166442587,-1.41994466025681,0,0
0.171736473348537,1.00043556913726,8,0.78039,5.82287489955913,5.82541116415551,9,4.54394
0.358961631728177,1.38148137927838,10,1.0345,2.78581305524388,3.84854886197003,10,2.88187
0.496412857194538,1.64049775514361,10,1.24023,2.01445225583292,3.30470440353788,11,2.4984
-0.198578523249984,1.1174903278257,6,1.27343,-5.0357913012634,-5.62744807211064,0,0
0.265429623087635,1.15257953602814,8,0.8345,3.76747699961823,4.34231689221668,14,3.14398
0.443273762978331,1.77359655334556,8,1.47258,2.25594222694584,4.00113135825786,8,3.32204
0.342036979947126,1.1838866272987,25,0.68327,2.92366047716415,3.46128254167636,26,1.99785
0.161559622509539,0.960923216305233,9,0.74369,6.18966536605368,5.94779315140141,10,4.60311
0.0505300259870558,0.485787791727758,11,0.33487,19.7902134516251,9.61384409048594,14,6.62795
-0.338482731030666,1.00852502022777,8,1.27418,-2.95436046901135,-2.97954645176978,0,0
0.0180779589689054,1.58332153403132,4,1.57182,55.3159790726393,87.5829808417351,4,86.94678
0.0395927173462478,0.854415394955071,5,0.80525,25.2571701824545,21.5801150368893,6,20.33826
-0.0402653877040766,0.41303886662278,7,0.49447,-24.8352259103855,-10.2579135623463,0,0
-0.0789496743077762,1.09129821695399,5,1.15939,-12.666296710758,-13.8227070158604,0,0
0.233872996458195,1.46522826789027,7,1.28293,4.27582497827512,6.26505962671999,7,5.48559
0.519023607523063,1.71730077004944,9,1.32585,1.92669463489782,3.30871418016015,10,2.55446
-0.207644597157443,0.846562565481075,8,1.04523,-4.81592111564437,-4.07697853481438,0,0
-0.625140758251834,0.439188252288672,21,1.04019,-1.59963974001061,-0.702542981706766,0,0
-0.307144278138369,0.54953051710506,12,0.89336,-3.25579889054452,-1.78916084791101,0,0
-0.51201380454162,1.19265714619439,8,1.52779,-1.95307234127261,-2.3293456848534,0,0
-0.137522042528715,0.666482630080697,8,0.83181,-7.27156157378333,-4.84636948248885,0,0
0.774161730463023,1.97162185856251,11,1.43042,1.29171975396136,2.54678290204721,11,1.84765
-0.46637467043866,0.932149044723649,10,1.29288,-2.14419878133481,-1.99871284571886,0,0
0.263630259023814,1.18296366583668,10,0.88513,3.79319128123934,4.48720746327463,5,3.35739
-0.100041792538509,0.865032050513983,6,0.96834,-9.99582249203571,-8.64670682685945,0,0
-0.00523821959931586,0.440716208484823,4,0.4523,-190.904558512706,-84.134733210189,0,0
-0.140176358214482,0.435014390570655,11,0.6505,-7.13387059513928,-3.10333636935443,0,0
0.398476867043698,1.68657029914602,8,1.40244,2.50955596850328,4.23254256052226,8,3.51949
0.428664995342267,1.56910093140725,9,1.21681,2.33282402544101,3.66043635112871,10,2.8386
0.260315194618989,1.6625974426564,6,1.48761,3.84149684947761,6.38686283791412,7,5.71464
0.172570380542819,0.857225151031428,16,0.53422,5.79473717827188,4.96739445283154,18,3.0952
0.0140051234168818,0.890738967035232,4,0.87473,71.4024411091301,63.6009366373405,5,62.45772
-0.323642039234716,1.15861464113392,7,1.39124,-3.08983345416003,-3.5799262786552,0,0
-0.300499611547039,0.466443088666115,14,0.82894,-3.32779132342893,-1.55222526333649,0,0
0.696395499464845,1.79300063319415,13,1.22412,1.43596562695834,2.57468727838133,14,1.75772
-0.111009272057016,0.695849485763856,6,0.82965,-9.00825653091738,-6.26839067466776,0,0
0.00138224236839321,1.21947350879574,3,1.21834,723.462124202182,882.242895081647,4,881.42211
-0.573199224847799,0.679386505641915,14,1.16952,-1.74459412478363,-1.18525370620016,0,0
-0.36793037941339,0.275201058318909,25,0.75957,-2.71790549504053,-0.747970468645933,0,0
0.733747369377125,1.78416006902427,16,1.14125,1.36286689633912,2.43157269584331,16,1.55524
-0.0152679216743198,0.721197619970636,5,0.74178,-65.4967991931718,-47.2361356938102,0,0
-0.366638780227512,0.425563989517544,16,0.85458,-2.72748016284438,-1.16071733943002,0,0
0.10087089413613,1.30822246554911,5,1.22594,9.91366249465828,12.9692759913836,6,12.15358
0.243774526450877,1.25886699582922,8,1.01984,4.10215133861212,5.16406293207544,8,4.18351
-0.0982757044854827,0.309627550981245,11,0.50446,-10.1754549126404,-3.15060118472093,0,0
-0.382458078475514,1.23626144587521,8,1.49251,-2.61466564907198,-3.23241033580196,0,0
0.1310694611848,1.26345275112972,6,1.14942,7.62954231260677,9.63956622472359,6,8.76956
0.0793687181721304,1.0528133633503,4,0.97108,12.5994223294782,13.2648401989687,8,12.23506
-0.142809547942973,0.374264813977973,12,0.60884,-7.00233292804292,-2.62072683072581,0,0
0.310157935790322,1.33523425631267,9,1.03581,3.22416383592402,4.30501400169021,9,3.33956
0.255894414604709,1.48206928704635,7,1.28255,3.90786177003801,5.79172190739591,8,5.01202
-0.288107802660163,0.81510493614889,9,1.0815,-3.47092300439897,-2.82916647387834,0,0
0.212953331061323,1.14167107192274,8,0.90685,4.69586455875647,5.36113272439952,8,4.25839
-0.158188522070004,0.72947171936455,7,0.90439,-6.3215711665696,-4.61140738796289,0,0
-0.378222048734993,1.21502029987796,7,1.47197,-2.64394950887875,-3.21245232514004,0,0
-0.180930180728062,0.953777751465109,7,1.11591,-5.52699387120495,-5.2715237868393,0,0
-0.0823455525564996,1.33188338213351,5,1.39108,-12.143946685085,-16.1743207833801,0,0
-0.703847599282822,0.740731740097389,13,1.28745,-1.42076210960859,-1.05240358971481,0,0
-0.147476436939164,0.377833404284136,12,0.61689,-6.78074423789145,-2.56199167898256,0,0
0.719158999194903,1.84123790386431,12,1.27896,1.39051308698007,2.56026540156706,13,1.77832
-0.0368358333413278,1.47229071339388,4,1.4969,-27.147478672026,-39.9689807408822,0,0
-0.252540426295171,0.341938647314376,17,0.7018,-3.95976206530669,-1.35399568429775,0,0
0.201393643507535,1.11706195086653,8,0.89105,4.96540001255096,5.54665942485289,9,4.42437
-0.161316254383009,0.353089131142329,13,0.61526,-6.19900334175703,-2.18880070388939,0,0
0.501457562347556,1.51600394415801,13,1.02842,1.99418669711259,3.02319489821011,12,2.05076
0.0320428639333118,1.38511655149772,4,1.36158,31.2081966855777,43.22698977159,5,42.49255
0.242122861561915,1.22284184747492,7,0.97433,4.130134567009,5.05050138424132,10,4.02415
0.73694624290318,1.78749138835034,17,1.14236,1.35695107971584,2.42553836940476,16,1.55016
-0.170745480706431,0.87003129397857,6,1.035,-5.85667038367674,-5.09548651231623,0,0
-0.114232489450586,0.537405761992375,8,0.70048,-8.75407692513413,-4.70449138049158,0,0
-0.512914664192165,0.644211552077129,13,1.1074,-1.94964205512624,-1.25598193432772,0,0
-0.0109038124173511,0.54247061942113,4,0.56188,-91.7110421313483,-49.7505458327498,0,0
-0.0896341599559801,0.891586168365499,6,0.98279,-11.1564608904809,-9.94694621786339,0,0
-0.580841360874904,1.11403672610495,10,1.501,-1.72164048113538,-1.91797072513381,0,0
-0.444824930175312,1.00259068759845,9,1.33563,-2.24807543859083,-2.25389949974996,0,0
0.349571930659726,1.34924836227085,10,0.99952,2.86064157986816,3.85971596668101,9,2.8592
0.18096452470635,1.03788374497003,8,0.81615,5.52594494209676,5.7352884310016,10,4.51001
-0.0341181776429883,0.311557888238481,8,0.39741,-29.3098890117747,-9.13172712501277,0,0
-0.0236363552139299,1.25648781095238,4,1.27503,-42.3077073833556,-53.1591186365262,0,0
-0.246422891801906,1.23102840423386,7,1.40626,-4.05806454379197,-4.99559271962225,0,0
0.678748460065154,1.86632611539097,11,1.3714,1.47329984351494,2.74965797375337,11,2.02046
-0.134658201586604,1.11870146395162,6,1.22833,-7.42620938210631,-8.30771130737356,0,0
0.162168417498775,1.08027739656967,7,0.90012,6.16642879929168,6.66145364943103,7,5.55048
0.233004746028894,1.33334298741787,7,1.12651,4.29175807378617,5.72238553137681,8,4.83468
0.176831874531453,1.08629724822446,8,0.88692,5.65508906496454,6.14310768973523,9,5.0156
-0.0073469185397104,0.84750748712263,4,0.85609,-136.111486005317,-115.355503472894,0,0
0.100557962611786,1.25807984753202,5,1.1723,9.944513333674,12.5109918186088,6,11.65797
0.173543226708528,1.63224897074824,5,1.51792,5.76225312255796,9.40543172848606,6,8.74663
0.0293385336606907,0.683596058701606,5,0.63758,34.0848663933009,23.3002803278313,6,21.73185
-0.141224531203812,0.187322069661929,22,0.48097,-7.08092277932098,-1.32641311013871,0,0
-0.0936670369835992,0.479708326935313,8,0.6287,-10.6761143749545,-5.12142096497947,0,0
-0.411327955056442,0.826188050147684,10,1.17596,-2.43115010226519,-2.00858716260682,0,0
0.0364411105056443,1.26056849546925,4,1.23097,27.441534742612,34.5919341638616,5,33.77956
0.11929666738523,1.07720618537285,6,0.95188,8.38246383506109,9.02964189179206,4,7.97909
0.163353613000904,1.11561890597462,7,0.94226,6.12168890316777,6.82947187686902,9,5.76818
-0.305895577620596,0.784209353938625,9,1.07006,-3.26908943168935,-2.56365051119269,0,0
0.125466617890565,1.54824720577822,5,1.46246,7.97024751932201,12.3399134511511,6,11.65613
-0.000985534664992488,0.790521535798627,3,0.79177,-1014.67765216318,-802.124535928579,0,0
0.499886323818677,1.48666928297264,12,0.97278,2.000454808127,2.97401471521734,19,1.94604
-0.31942064931007,0.702545489134564,10,1.01673,-3.13066798330021,-2.19943666964556,0,0
0.351983603944147,1.34346752308657,10,0.98674,2.84104142577812,3.81684688727648,12,2.80342
0.00399175405133967,0.378913343084513,4,0.36807,250.516436418319,94.924020420884,6,92.20713
0.178941733039215,1.16026174791378,7,0.97714,5.58841128346987,6.48401984381985,6,5.46061
-0.275508007599807,0.550765364589653,12,0.86813,-3.6296585667759,-1.99909022386629,0,0
0.400334393501516,1.52305876892736,9,1.18532,2.49791178632823,3.80446645017421,10,2.9608
0.063072292695762,1.12013016589575,5,1.06067,15.8548224150284,17.7594648619934,7,16.81666
0.361630996893073,1.23567694670336,11,0.75951,2.76524968432305,3.41695528679675,26,2.10037
0.45677911427099,1.39250128529872,17,0.86362,2.18924195252661,3.04852223272318,26,1.89045
-0.011525629038929,1.74022106105509,3,1.74682,-86.7631603118934,-150.987078898455,0,0
0.0661745539557502,0.91501400161713,5,0.83584,15.1115487785333,13.8272787184782,8,12.63088
0.577200862477591,1.71484882324102,11,1.2549,1.73249914372542,2.97097411788361,11,2.17407
0.232770069381133,1.25574603746427,8,1.02969,4.29608498488962,5.39479169638489,8,4.42362
0.382396074031649,1.68583374011291,8,1.41573,2.61508960972553,4.40860629749399,8,3.70225
-0.0159749914254081,0.982730383370678,4,0.99873,-62.5978426761161,-61.516801931277,0,0
0.0225293132409809,0.933651958226125,3,0.90886,44.3866170843147,41.4416519598036,6,40.34138
0.107253246406239,1.15150794398623,6,1.04929,9.32372709924636,10.7363458223419,6,9.78332
0.583445985983779,1.57725135944937,20,0.98472,1.71395471735717,2.70333740798624,15,1.68784
0.264500875042284,1.25209660215823,9,0.98304,3.78070582881867,4.73380892202365,9,3.71653
-0.0188033541326966,1.13875794803484,4,1.15504,-53.1820010910251,-60.5614264348023,0,0
0.328752888348818,1.51621842126237,8,1.25407,3.04179837026699,4.61203072276467,8,3.81462
-0.198693828567321,1.04242501755168,7,1.20704,-5.03286894822292,-5.24638850168659,0,0
-0.288599323246592,0.825655624898902,8,1.09034,-3.46501159029245,-2.86090630986485,0,0
-0.520305759788489,0.120157397603835,66,0.78392,-1.92194681912903,-0.230936128119512,0,0
0.0412151817513713,0.77371420596147,5,0.71617,24.2629040442538,18.7725535369192,7,17.37622
0.626736832611407,1.73457627730676,12,1.22145,1.59556603021611,2.76763098488939,12,1.94893
-0.0564008854500348,0.552978358581001,6,0.64098,-17.7302180988966,-9.804426901611,0,0
0.0621285929500546,1.07325431779205,6,1.01185,16.0956485978027,17.2747243552552,5,16.28644
0.0312692460303139,0.568840016463221,6,0.50719,31.9803041950725,18.1916767648238,8,16.22002
-0.0311897272517798,1.03091076795993,4,1.06033,-32.0618385639438,-33.0528946161624,0,0
